Frame,Time,1_pos_X,1_pos_Y,1_pos_Z,2_pos_X,2_pos_Y,2_pos_Z,3_pos_X,3_pos_Y,3_pos_Z,4_pos_X,4_pos_Y,4_pos_Z,C_pos_X,C_pos_Y,C_pos_Z
357,3.56,224.926,122.64,38.061,226.415,273.676,36.137,375.387,272.302,34.087,373.196,122.677,38.156,303.304,196.303,56.546
358,3.57,224.902,122.669,38.116,226.432,273.663,36.164,375.371,272.297,34.083,373.217,122.654,38.171,303.306,196.322,56.544
359,3.58,224.914,122.654,38.06,226.419,273.671,36.179,375.411,272.297,34.107,373.211,122.699,38.166,303.289,196.298,56.545
360,3.59,224.931,122.666,38.066,226.431,273.67,36.16,375.407,272.287,34.11,373.189,122.629,38.112,303.311,196.331,56.542
361,3.6,224.942,122.668,38.074,226.424,273.664,36.14,375.397,272.293,34.097,373.23,122.7,38.162,303.29,196.324,56.569
362,3.61,224.925,122.654,38.108,226.407,273.649,36.151,375.418,272.31,34.111,373.202,122.68,38.168,303.314,196.298,56.554
363,3.62,224.913,122.661,38.059,226.403,273.663,36.154,375.396,272.292,34.098,373.21,122.648,38.117,303.315,196.34,56.547
364,3.63,224.918,122.661,38.085,226.411,273.671,36.145,375.392,272.283,34.098,373.186,122.64,38.126,303.299,196.334,56.54
365,3.64,224.907,122.665,38.107,226.422,273.673,36.154,375.407,272.286,34.11,373.237,122.69,38.168,303.316,196.323,56.564
366,3.65,224.917,122.656,38.078,226.427,273.657,36.141,375.397,272.294,34.098,373.205,122.671,38.165,303.296,196.318,56.533
367,3.66,224.897,122.674,38.082,226.434,273.659,36.161,375.395,272.31,34.1,373.224,122.685,38.159,303.314,196.301,56.545
368,3.67,224.914,122.643,38.075,226.434,273.645,36.171,375.397,272.299,34.087,373.189,122.674,38.16,303.317,196.321,56.534
369,3.68,224.925,122.653,38.063,226.401,273.647,36.139,375.398,272.311,34.095,373.192,122.67,38.158,303.315,196.321,56.525
370,3.69,224.9,122.662,38.072,226.429,273.672,36.148,375.406,272.304,34.107,373.197,122.684,38.158,303.306,196.317,56.535
371,3.7,224.907,122.646,38.058,226.431,273.661,36.148,375.413,272.315,34.089,373.211,122.678,38.148,303.319,196.297,56.546
372,3.71,224.932,122.642,38.064,226.422,273.667,36.163,375.398,272.28,34.081,373.188,122.611,38.123,303.307,196.326,56.546
373,3.72,224.903,122.64,38.067,226.411,273.661,36.138,375.383,272.291,34.084,373.213,122.658,38.18,303.306,196.302,56.546
374,3.73,224.922,122.668,38.091,226.426,273.667,36.146,375.41,272.303,34.098,373.211,122.672,38.161,303.307,196.274,56.527
375,3.74,224.92,122.681,38.097,226.413,273.645,36.143,375.412,272.297,34.093,373.217,122.68,38.161,303.319,196.285,56.506
376,3.75,224.937,122.657,38.079,226.437,273.675,36.148,375.403,272.303,34.096,373.195,122.661,38.157,303.321,196.294,56.508
377,3.76,224.919,122.656,38.073,226.433,273.696,36.158,375.417,272.298,34.085,373.225,122.661,38.172,303.289,196.275,56.541
378,3.77,224.934,122.671,38.073,226.427,273.689,36.16,375.423,272.319,34.109,373.224,122.686,38.158,303.315,196.306,56.502
379,3.78,224.905,122.675,38.078,226.427,273.674,36.156,375.41,272.319,34.087,373.216,122.676,38.165,303.29,196.305,56.545
380,3.79,224.925,122.657,38.07,226.419,273.685,36.137,375.396,272.281,34.086,373.225,122.67,38.18,303.332,196.309,56.536
381,3.8,224.928,122.687,38.104,226.419,273.682,36.166,375.396,272.292,34.098,373.223,122.68,38.177,303.306,196.308,56.53
382,3.81,224.922,122.647,38.086,226.423,273.66,36.151,375.414,272.316,34.077,373.202,122.67,38.161,303.323,196.312,56.543
383,3.82,224.935,122.664,38.056,226.409,273.683,36.126,375.399,272.291,34.093,373.197,122.669,38.182,303.295,196.314,56.534
384,3.83,224.907,122.638,38.095,226.403,273.646,36.136,375.406,272.307,34.101,373.213,122.685,38.145,303.299,196.298,56.542
385,3.84,224.923,122.65,38.094,226.436,273.683,36.149,375.418,272.297,34.099,373.209,122.67,38.153,303.316,196.324,56.529
386,3.85,224.856,122.655,38.077,226.431,273.703,36.134,375.404,272.308,34.085,373.189,122.655,38.178,303.313,196.335,56.556
387,3.86,224.935,122.677,38.097,226.424,273.684,36.163,375.385,272.288,34.081,373.2,122.673,38.147,303.298,196.327,56.536
388,3.87,224.892,122.648,38.064,226.415,273.67,36.153,375.408,272.288,34.105,373.222,122.668,38.16,303.318,196.306,56.504
389,3.88,224.921,122.657,38.058,226.415,273.678,36.146,375.41,272.291,34.086,373.201,122.676,38.145,303.316,196.273,56.528
390,3.89,224.938,122.648,38.077,226.42,273.692,36.156,375.396,272.313,34.084,373.209,122.646,38.171,303.336,196.294,56.499
391,3.9,224.91,122.678,38.096,226.437,273.675,36.146,375.396,272.307,34.093,373.188,122.67,38.171,303.288,196.309,56.508
392,3.91,224.936,122.669,38.116,226.431,273.687,36.16,375.409,272.292,34.093,373.199,122.655,38.163,303.315,196.286,56.518
393,3.92,224.933,122.66,38.111,226.406,273.647,36.119,375.387,272.317,34.072,373.185,122.665,38.156,303.306,196.312,56.527
394,3.93,224.934,122.689,38.115,226.417,273.676,36.143,375.395,272.323,34.098,373.213,122.671,38.167,303.322,196.281,56.523
395,3.94,224.91,122.634,38.059,226.423,273.685,36.148,375.4,272.312,34.074,373.216,122.662,38.161,303.331,196.291,56.507
396,3.95,224.913,122.647,38.08,226.438,273.682,36.152,375.423,272.295,34.107,373.217,122.64,38.128,303.327,196.279,56.499
397,3.96,224.92,122.646,38.093,226.42,273.664,36.138,375.397,272.309,34.095,373.218,122.657,38.139,303.305,196.308,56.502
398,3.97,224.932,122.641,38.073,226.424,273.683,36.147,375.386,272.304,34.081,373.206,122.685,38.162,303.313,196.281,56.508
399,3.98,225.134,122.387,38.002,226.602,273.852,36.155,375.226,272.415,34.111,373.046,122.47,38.171,303.328,196.303,56.52
400,3.99,225.017,122.604,38.073,226.511,273.776,36.136,375.254,272.394,34.122,373.107,122.564,38.146,303.34,196.295,56.497
401,4,225.111,122.443,38.003,226.571,273.804,36.14,375.298,272.409,34.119,373.156,122.604,38.163,303.339,196.282,56.512
402,4.01,225.024,122.492,38.02,226.483,273.741,36.163,375.334,272.337,34.063,373.118,122.565,38.173,303.333,196.287,56.521
403,4.02,225.055,122.474,38.008,226.472,273.687,36.144,375.298,272.411,34.11,373.163,122.613,38.166,303.343,196.284,56.505
404,4.03,225.021,122.514,38.039,226.509,273.734,36.137,375.208,272.395,34.078,373.107,122.573,38.162,303.344,196.302,56.524
405,4.04,225.011,122.511,38.032,226.501,273.764,36.156,375.343,272.293,34.136,373.145,122.582,38.216,303.324,196.313,56.53
406,4.05,225.035,122.562,38.101,226.532,273.758,36.182,375.217,272.301,34.162,372.912,122.898,38.559,303.326,196.277,56.547
407,4.06,224.99,122.546,38.132,226.48,273.726,36.168,375.228,272.243,34.099,372.642,123.211,39.072,303.324,196.295,56.543
408,4.07,225.06,122.491,38.193,226.47,273.769,36.182,375.179,272.2,34.187,373.027,123.206,38.798,303.298,196.273,56.557
409,4.08,225.274,122.514,38.46,226.448,273.675,36.222,375.092,272.33,34.061,372.915,123.191,38.866,303.342,196.289,56.578
410,4.09,225.335,122.591,38.8,226.485,273.634,36.172,375.134,272.251,34.116,372.95,123.182,39.117,303.345,196.32,56.691
411,4.1,225.341,122.584,39.096,226.414,273.632,36.14,374.867,272.431,33.674,372.872,123.142,39.485,303.354,196.364,56.909
412,4.11,225.312,122.461,39.712,226.473,273.637,36.269,374.669,272.55,33.618,372.94,123.317,40.066,303.414,196.506,57.123
413,4.12,225.324,122.473,40.524,226.387,273.667,36.193,374.763,272.526,33.546,373.062,123.59,40.704,303.483,196.745,57.457
414,4.13,225.429,122.649,41.567,226.315,273.687,36.383,374.72,272.654,33.422,373.009,123.647,41.478,303.889,197.061,57.79
415,4.14,225.392,122.744,43.004,226.228,273.907,36.666,374.655,272.724,33.497,372.934,123.711,42.532,303.772,197.299,58.417
416,4.15,225.366,122.927,44.511,226.138,273.967,37.195,374.513,272.818,33.706,373.204,124.179,44.152,303.737,197.652,59.228
417,4.16,225.313,123.074,46.313,226.259,274.217,38.375,374.683,272.931,34.59,373.056,124.25,45.233,303.833,197.946,60.598
418,4.17,225.371,123.416,48.197,226.163,274.37,39.495,374.57,273.155,35.796,373.027,124.516,46.98,303.787,198.138,61.791
419,4.18,225.359,123.73,50.201,226.039,274.652,41.289,374.477,273.322,36.674,372.937,124.697,48.42,303.915,198.48,63.648
420,4.19,225.471,124.138,52.502,225.97,274.873,43.223,374.729,273.601,38.497,373.07,125.073,50.493,303.766,198.723,65.057
421,4.2,225.443,124.516,55.099,226.027,275.182,45.615,374.628,274.014,39.783,372.961,125.426,52.082,303.593,199.161,67.349
422,4.21,225.349,125.008,57.777,226.085,275.704,48.053,374.614,274.603,41.699,373.051,125.81,54.278,303.738,199.695,69.782
423,4.22,225.571,125.658,60.708,226.115,276.292,50.837,374.57,275.378,43.83,373.233,126.484,56.539,303.658,200.033,72.234
424,4.23,225.755,126.254,63.765,226.242,277.015,53.823,374.788,275.693,46.285,373.278,127.043,59.024,303.419,200.375,74.904
425,4.24,225.846,126.869,67.231,226.335,277.603,57.299,374.756,276.363,48.672,373.372,127.747,61.412,303.449,200.884,77.753
426,4.25,226.034,127.564,70.659,226.425,278.215,60.681,374.696,277.055,51.508,373.443,128.451,64.144,303.256,201.505,80.667
427,4.26,226.292,128.343,74.112,226.53,279.102,64.416,374.691,277.815,54.205,373.702,129.438,66.857,303.342,202.263,83.884
428,4.27,226.773,129.388,77.976,226.886,280.186,68.135,375.07,278.719,57.385,373.896,130.219,69.937,303.994,203.345,87.407
429,4.28,226.983,130.361,81.821,227.021,280.976,72.056,375.304,279.834,60.577,374.459,131.326,73.279,305.421,204.682,91.384
430,4.29,227.192,131.265,85.795,227.422,281.963,75.948,375.539,280.808,64.247,374.944,132.374,76.659,305.981,205.942,95.08
431,4.3,227.696,132.511,89.709,227.774,283.09,80.056,376.026,281.967,67.802,375.248,133.401,80.323,306.503,206.981,98.965
432,4.31,228.277,133.594,93.805,228.008,284.053,84.207,376.182,283.524,71.817,375.726,134.762,83.996,307.047,208.378,103.02
433,4.32,228.788,134.657,97.605,228.567,285.443,88.517,376.549,284.656,75.785,376.171,135.998,87.587,307.506,209.39,106.91
434,4.33,229.494,136.017,101.848,228.927,286.559,92.798,377.304,286.094,79.8,376.881,137.6,91.621,308.057,210.884,111.054
435,4.34,230.171,137.243,106.066,229.527,287.976,96.825,377.761,287.45,84.054,377.416,138.801,95.492,308.594,212.104,115.083
436,4.35,230.811,138.759,110.166,230.211,289.248,101.221,378.429,289.265,88.067,378.177,140.501,99.566,309.353,213.66,119.288
437,4.36,231.655,140.111,114.261,230.687,290.496,105.307,378.943,290.649,92.048,378.993,141.952,103.755,310.112,215.066,123.44
438,4.37,232.534,141.648,118.455,231.413,292.023,109.634,379.594,292.465,96.272,379.788,143.643,107.821,310.852,216.839,127.6
439,4.38,233.395,143.206,122.788,232.255,293.558,113.713,380.431,293.886,100.405,380.765,145.243,112.133,311.727,218.386,131.801
440,4.39,234.458,144.978,126.794,233.066,295.458,118.019,381.282,295.755,104.538,381.615,147.14,116.288,312.641,220.011,135.889
441,4.4,235.481,146.606,131.214,233.946,297.043,122.095,382.119,297.618,108.878,382.718,148.858,120.605,313.65,221.895,140.196
442,4.41,236.526,148.423,135.266,235.003,298.904,126.138,383.099,299.545,112.782,383.841,150.812,124.808,314.609,223.716,144.172
443,4.42,237.579,150.253,139.374,235.97,300.715,130.116,384.093,301.489,117.151,384.96,152.9,129.156,315.687,225.708,148.475
444,4.43,238.67,152.228,143.399,236.97,302.51,134.042,385.278,303.538,121.379,385.765,154.581,133.201,316.811,227.577,152.623
445,4.44,239.85,154.162,147.326,238.113,304.555,138.066,386.421,305.355,125.56,387.276,156.745,137.588,317.825,229.578,156.621
446,4.45,240.991,156.442,151.318,239.376,306.586,141.845,387.557,307.547,129.784,388.473,159.017,141.728,319.023,231.687,160.713
447,4.46,242.283,158.554,155.321,240.694,308.913,145.912,388.896,309.807,134.021,389.755,161.045,146.077,320.246,233.957,164.701
448,4.47,243.42,160.607,158.862,241.927,311.245,149.542,390.441,312.072,138.408,390.896,163.177,149.897,321.485,235.959,168.666
449,4.48,244.95,162.949,162.726,243.262,313.361,153.373,391.642,314.288,142.423,392.413,165.645,154.199,322.667,238.295,172.657
450,4.49,246.221,165.043,166.054,244.61,315.752,157.076,392.958,316.632,146.547,393.744,167.9,158.052,324.1,240.622,176.557
451,4.5,247.565,167.472,169.44,246.047,318.044,160.839,394.369,319.031,150.972,395.02,170.256,161.827,325.25,242.577,180.183
452,4.51,249.139,169.701,172.835,247.522,320.648,164.798,395.88,321.198,154.964,396.524,172.495,165.681,326.15,244.797,183.856
453,4.52,250.45,172.25,176.35,249.013,323.071,168.426,397.368,323.694,158.865,397.943,174.92,169.276,327.493,247.13,187.48
454,4.53,251.962,174.577,179.335,250.435,325.479,172.025,398.773,326.237,162.755,399.458,177.471,172.893,328.315,249.449,190.617
455,4.54,253.233,177.289,182.722,251.851,327.972,175.687,400.292,328.797,166.431,400.893,179.863,176.295,330.028,251.894,194.402
456,4.55,254.905,179.902,186.075,253.401,330.528,178.971,401.845,331.295,170.23,402.362,182.516,179.616,331.557,254.598,197.772
457,4.56,256.248,182.601,189.255,254.993,333.245,182.678,403.556,333.95,173.852,403.807,184.959,183.049,333.622,257.172,201.53
458,4.57,257.858,185.179,192.181,256.71,335.965,186.082,405.108,336.357,177.286,405.493,187.822,186.494,335.153,259.689,204.968
459,4.58,259.331,187.979,195.375,258.422,338.735,189.361,406.492,339.147,180.659,406.951,190.33,189.516,337.25,262.721,208.39
460,4.59,260.886,190.779,198.594,260.089,341.502,192.86,408.363,341.776,183.993,408.426,193.005,192.676,338.658,265.247,211.389
461,4.6,262.636,193.553,201.682,261.812,344.335,196.034,410.152,344.526,187.245,410.107,195.598,195.705,340.31,268.056,214.611
462,4.61,264.196,196.314,204.903,263.237,346.84,199.043,411.876,347.379,190.389,411.708,198.451,198.68,342.281,270.984,217.73
463,4.62,265.807,199.075,207.598,265.01,349.681,202.088,413.695,350.112,193.416,413.377,201.135,201.325,343.936,273.756,220.788
464,4.63,267.456,202.259,210.717,266.81,352.593,205.166,415.451,352.974,196.286,415.133,204.109,204.317,345.771,276.864,223.665
465,4.64,269.154,205.028,213.696,268.661,355.626,208.395,417.21,355.784,198.701,416.796,206.875,207.008,347.543,279.598,226.334
466,4.65,270.762,208.124,216.538,270.565,358.664,211.238,418.885,358.723,201.402,418.525,209.85,209.667,349.336,282.46,229.234
467,4.66,272.685,210.93,219.232,272.302,361.419,213.862,420.969,361.507,204.017,420.286,212.642,212.052,351.119,285.317,231.84
468,4.67,274.544,214.244,222.081,274.168,364.484,216.568,422.758,364.426,206.333,422.025,215.544,214.535,352.972,288.306,234.354
469,4.68,276.307,217.145,224.778,276.023,367.601,219.039,424.718,367.539,208.739,423.768,218.426,216.977,355.029,291.416,236.969
470,4.69,278.112,220.178,227.595,278.122,370.745,221.632,426.675,370.367,210.929,425.737,221.39,219.347,356.85,294.389,239.321
471,4.7,280.11,223.246,230.202,280.233,373.879,224.194,428.535,373.384,212.987,427.524,224.472,221.726,358.978,297.562,241.833
472,4.71,282.091,226.388,232.69,282.114,377.013,226.502,430.466,376.377,215.177,429.464,227.387,223.963,360.966,300.627,244.036
473,4.72,284.052,229.566,235.181,284.267,380.173,228.791,432.554,379.516,217.176,431.508,230.534,226.168,362.866,303.737,246.218
474,4.73,286.211,232.862,237.603,286.322,383.324,230.859,434.686,382.435,219.129,433.489,233.704,228.377,364.957,306.939,248.387
475,4.74,288.187,236.02,239.744,288.407,386.766,232.935,436.762,385.517,220.941,435.534,236.703,230.259,366.989,310.152,250.368
476,4.75,290.281,239.252,241.792,290.623,389.972,234.928,438.897,388.832,222.92,437.443,239.905,232.313,369.161,313.303,252.327
477,4.76,292.432,242.555,243.794,292.735,393.309,236.935,441.208,391.962,224.712,439.6,243.089,234.227,371.358,316.587,254.44
478,4.77,294.514,245.852,245.701,295.174,396.609,238.926,443.431,395.153,226.514,441.782,246.175,235.938,373.63,319.939,256.269
479,4.78,296.656,249.095,247.43,297.564,400.062,240.783,445.763,398.347,228.333,443.943,249.406,237.66,376.042,323.128,258.052
480,4.79,299.024,252.385,249.326,299.99,403.45,242.656,448.129,401.579,229.979,446.342,252.767,239.376,378.257,326.472,259.633
481,4.8,301.308,255.788,250.996,302.422,406.708,244.399,450.714,405.006,231.67,448.7,256.087,240.989,380.685,329.658,261.372
482,4.81,303.725,259.219,252.66,304.62,409.974,245.944,453.164,408.287,233.255,450.945,259.319,242.356,383.086,333.047,263.111
483,4.82,306.221,262.581,254.102,307.189,413.305,247.502,455.513,411.572,234.598,453.439,262.606,243.756,385.513,336.405,264.554
484,4.83,308.691,266.136,255.533,309.784,416.755,249.065,458.155,414.906,236.098,455.944,265.975,245.127,388.182,339.719,266.121
485,4.84,311.142,269.602,256.905,312.524,420.395,250.695,460.778,418.356,237.471,458.378,269.256,246.471,390.678,343.184,267.376
486,4.85,313.721,273.11,258.166,315.311,423.922,252.12,463.456,421.748,238.837,460.99,272.793,247.594,393.333,346.662,268.729
487,4.86,316.389,276.528,259.412,317.775,427.259,253.428,466.132,425.26,240.515,463.795,276.368,248.993,395.984,350.044,270.185
488,4.87,319.102,279.962,260.446,320.519,430.763,254.656,468.814,428.74,241.637,466.464,279.842,250.113,398.787,353.596,271.148
489,4.88,321.855,283.457,261.527,323.381,434.27,256.055,471.736,432.35,242.899,469.155,283.288,251.152,401.401,356.989,272.379
490,4.89,324.663,287.112,262.611,326.462,438.068,257.23,474.561,435.757,244.122,471.96,286.787,252.165,404.269,360.614,273.524
491,4.9,327.547,290.534,263.519,329.193,441.412,258.362,477.41,439.33,245.143,474.664,290.153,253.146,407.325,364.006,274.573
492,4.91,330.543,294.131,264.574,332.163,445.028,259.315,480.378,442.792,246.372,477.704,293.776,254.076,410.153,367.608,275.507
493,4.92,333.494,297.697,265.359,335.12,448.452,260.445,483.368,446.253,247.38,480.851,297.452,255.146,413.262,371.157,276.576
494,4.93,336.547,301.218,266.166,338.079,452.234,261.316,486.422,450.038,248.245,483.787,300.975,255.761,416.113,374.626,277.295
495,4.94,339.618,304.83,267.119,341.389,455.963,262.287,489.432,453.676,249.132,486.99,304.614,256.864,419.3,378.445,278.286
496,4.95,342.787,308.58,267.929,344.437,459.353,263.105,492.681,457.248,249.996,489.9,308.142,257.52,422.376,381.83,279.11
497,4.96,345.929,312.096,268.652,347.61,462.976,263.927,495.947,460.865,250.888,493.33,312.062,258.309,425.739,385.558,279.855
498,4.97,349.331,315.748,269.509,351.007,466.836,264.765,498.997,464.539,251.517,496.541,315.501,259.231,428.953,389.158,280.616
499,4.98,352.628,319.375,270.157,354.28,470.46,265.515,502.275,468.269,252.245,499.775,319.225,259.825,432.182,392.916,281.372
500,4.99,355.955,323.139,270.863,357.476,474.049,266.128,505.584,471.821,252.954,503.265,322.992,260.539,435.677,396.675,282.15
501,5,359.453,326.791,271.497,360.745,477.655,266.753,509.036,475.746,253.557,506.724,326.892,261.069,438.936,400.239,282.588
502,5.01,362.892,330.421,272.324,364.294,481.306,267.547,512.47,479.394,254.166,510.243,330.471,262.104,442.516,404.103,283.491
503,5.02,366.57,334.045,272.96,367.711,485.062,268.016,515.71,483.336,254.669,513.691,334.247,262.447,445.964,407.757,283.903
504,5.03,370.105,337.934,273.628,371.212,488.705,268.578,519.393,487.025,255.152,517.406,338.223,263.078,449.522,411.619,284.521
505,5.04,373.882,341.618,274.226,374.704,492.361,268.978,522.892,490.807,255.731,521.14,341.979,263.641,453.122,415.352,285.011
506,5.05,377.558,345.259,274.697,378.487,496.299,269.54,526.428,494.83,256.228,524.809,345.751,264.409,456.854,419.3,285.533
507,5.06,381.385,348.904,275.278,382.017,499.877,270.086,530.1,498.53,256.624,528.654,349.8,264.91,460.644,423.008,286.173
508,5.07,385.322,352.811,275.714,385.663,503.532,270.625,533.843,502.519,257.105,532.56,353.709,265.24,464.355,426.763,286.629
509,5.08,389.281,356.603,276.468,389.357,507.427,270.953,537.518,506.608,257.482,536.406,357.677,265.621,468.124,430.761,286.951
510,5.09,393.128,360.341,276.62,393.303,511.211,271.398,541.312,510.516,257.77,540.461,361.633,266.014,472.094,434.649,287.464
511,5.1,397.12,364.11,277.321,397.005,514.976,271.693,545.108,514.565,258.134,544.309,365.627,266.383,475.924,438.614,287.754
512,5.11,401.322,368.022,277.661,400.957,518.807,272.279,548.814,518.489,258.516,548.37,369.612,266.745,480.151,442.511,288.42
513,5.12,405.412,371.813,278.219,404.77,522.638,272.549,552.908,522.53,258.992,552.44,373.444,267.138,483.981,446.408,288.553
514,5.13,409.549,375.617,278.375,408.757,526.367,273.027,556.899,526.584,259.386,556.703,377.564,267.7,488.179,450.417,289.181
515,5.14,413.857,379.595,278.994,412.788,530.396,273.341,561.054,530.616,259.779,560.924,381.719,267.946,492.203,454.395,289.33
516,5.15,418.217,383.317,279.135,416.894,534.137,273.813,564.966,534.859,260.031,565.252,385.92,268.321,496.393,458.334,289.749
517,5.16,422.49,387.219,279.531,420.864,537.887,274.104,569.128,538.902,260.344,569.765,390.017,268.511,500.648,462.385,290.004
518,5.17,426.985,391.205,279.796,425.176,542.01,274.45,573.16,543.171,260.538,574.111,394.241,268.817,504.983,466.326,290.412
519,5.18,431.518,395.07,280.165,429.262,545.785,274.898,577.427,547.394,260.943,578.581,398.491,269.014,509.345,470.48,290.664
520,5.19,435.874,398.781,280.445,433.633,549.911,275.162,581.685,551.672,261.224,582.994,402.628,269.306,513.871,474.494,291.061
521,5.2,440.564,402.924,280.935,437.813,553.798,275.689,586.083,555.85,261.527,587.599,406.792,269.483,518.164,478.643,291.277
522,5.21,445.078,406.911,281.168,442.259,557.674,276.167,590.411,559.997,261.81,592.196,411.038,269.773,522.702,482.769,291.697
523,5.22,449.88,411.098,281.525,446.635,561.773,276.563,594.738,564.425,262.145,596.855,415.318,269.903,527.204,486.917,291.833
524,5.23,454.624,415.023,282.006,451.107,565.712,277.032,599.079,568.611,262.381,601.625,419.602,270.276,531.825,491.034,292.275
525,5.24,459.415,419.161,282.308,455.616,569.914,277.402,603.676,572.919,262.667,606.355,423.975,270.381,536.443,495.283,292.545
526,5.25,464.125,423.19,282.7,460.16,573.807,277.965,608.191,577.304,263.112,611.118,428.277,270.876,541.258,499.392,293.012
527,5.26,468.966,427.227,283.104,464.909,578.253,278.524,613.002,581.476,263.479,616.037,432.567,270.948,546.073,503.682,293.276
528,5.27,474.067,431.468,283.445,469.475,582.202,278.918,617.617,585.949,263.74,621.125,437.151,271.343,550.917,507.748,293.669
529,5.28,478.923,435.869,283.69,474.452,586.464,279.558,622.191,590.234,264.155,625.917,441.262,271.381,555.677,512.082,294.009
530,5.29,483.927,439.979,284.291,479.142,590.48,279.941,627.208,594.546,264.628,630.995,445.911,271.844,560.713,516.242,294.54
531,5.3,489.033,444.081,284.441,484.203,594.81,280.444,632.051,599.029,265.05,635.981,450.037,271.875,565.701,520.609,294.839
532,5.31,494.154,448.426,284.811,489.07,598.914,280.927,636.863,603.407,265.384,641.072,454.422,272.381,570.774,524.846,295.208
533,5.32,499.349,452.443,285.054,494.147,603.299,281.418,642.026,607.788,265.904,646.154,458.871,272.523,575.74,529.152,295.577
534,5.33,504.531,456.847,285.388,499.15,607.465,281.81,647.138,612.118,266.393,651.351,463.244,272.9,581.003,533.624,295.933
535,5.34,509.919,460.93,285.525,504.386,611.743,282.443,652.126,616.401,266.763,656.656,467.713,273.014,586.129,537.726,296.189
536,5.35,515.036,465.439,285.974,509.733,616.411,282.732,657.625,620.765,267.21,661.921,472.149,273.339,591.435,542.153,296.675
537,5.36,520.372,469.715,286.158,515.002,620.507,283.149,662.896,625.136,267.736,667.332,476.517,273.661,596.84,546.652,296.923
538,5.37,525.872,474.177,286.452,520.38,624.984,283.573,668.136,629.709,267.962,672.797,480.958,273.972,602.094,550.893,297.214
539,5.38,531.186,478.549,286.828,525.808,629.335,283.935,673.647,634.056,268.196,678.134,485.222,274.311,607.659,555.414,297.728
540,5.39,536.76,483.195,287.199,531.259,633.634,284.214,679.111,638.431,268.545,683.634,489.612,274.766,613.133,559.593,297.908
541,5.4,542.203,487.538,287.651,536.907,638.166,284.473,684.678,642.854,268.785,689.204,494.109,275.118,618.752,564.066,298.415
542,5.41,547.785,492.091,287.622,542.472,642.587,284.686,690.448,647.263,269.125,694.645,498.317,275.482,624.312,568.655,298.483
543,5.42,553.464,496.394,287.988,548.149,646.938,284.764,696.191,651.786,269.428,700.395,502.936,275.756,629.935,573.011,298.757
544,5.43,559.284,500.829,288.246,553.991,651.476,284.952,701.863,656.068,269.517,706.057,507.268,276.031,635.614,577.522,298.977
545,5.44,564.853,505.343,288.411,559.742,655.946,285.087,707.738,660.544,269.894,711.799,511.631,276.321,641.395,581.983,299.313
546,5.45,570.653,509.777,288.576,565.645,660.448,285.127,713.753,665.039,270.133,717.577,516.055,276.515,647.122,586.315,299.455
547,5.46,576.48,514.347,288.643,571.641,665.071,285.289,719.584,669.304,270.09,723.299,520.304,276.745,653.068,590.884,299.511
548,5.47,582.289,518.938,288.786,577.69,669.777,285.467,725.69,673.67,270.275,729.189,524.889,276.981,658.982,595.362,299.621
549,5.48,588.268,523.427,288.966,583.664,674.16,285.412,731.859,678.167,270.344,735.056,529.344,276.978,664.916,599.659,299.617
550,5.49,594.087,528.026,288.782,589.703,678.75,285.5,737.73,682.689,270.32,740.982,533.743,277.083,670.981,604.143,299.657
551,5.5,600.128,532.552,289.019,596.055,683.56,285.553,744.125,686.83,270.478,746.953,538.093,277.077,677.056,608.731,299.794
552,5.51,606.075,537.21,288.888,602.272,688.227,285.469,750.43,691.243,270.38,752.832,542.394,277.081,683.102,613.211,299.805
553,5.52,612.006,541.844,288.85,608.62,692.842,285.456,756.431,695.413,270.405,758.922,546.73,277.075,689.205,617.687,299.701
554,5.53,618,546.493,288.732,614.835,697.426,285.324,762.799,699.888,270.449,765.048,551.07,277.207,695.531,622.286,299.704
555,5.54,624.166,551.058,288.582,621.223,702.097,285.341,769.279,704.126,270.367,771.092,555.398,277.023,701.699,626.779,299.737
556,5.55,630.269,555.856,288.399,627.61,706.78,285.202,775.664,708.567,270.516,777.24,559.845,276.832,707.894,631.287,299.631
557,5.56,636.431,560.57,288.21,634.181,711.481,285.088,782.269,713.079,270.402,783.278,563.953,276.73,714.424,635.759,299.574
558,5.57,642.627,565.24,288.131,640.732,716.132,284.937,788.621,717.499,270.317,789.464,568.465,276.575,720.688,640.285,299.405
559,5.58,648.802,570.021,287.938,647.194,720.682,284.777,795.384,721.787,270.436,795.814,572.902,276.549,727.089,644.866,299.309
560,5.59,654.971,574.854,287.665,653.799,725.495,284.459,801.947,726.136,270.324,802.155,577.189,276.654,733.451,649.364,299.184
561,5.6,661.285,579.683,287.497,660.442,730.274,284.306,808.723,730.486,270.231,808.411,581.556,276.479,739.849,653.917,299.049
562,5.61,667.693,584.33,287.372,667.284,735.121,284.187,815.41,734.907,270.174,814.773,585.988,276.445,746.394,658.368,298.783
563,5.62,674.186,588.973,287.359,673.944,739.929,283.9,822.173,739.45,269.881,821.148,590.515,276.347,752.976,662.993,298.704
564,5.63,680.488,593.846,287.069,680.771,744.734,283.7,829.035,743.686,269.852,827.631,594.894,276.16,759.67,667.678,298.665
565,5.64,687.052,598.646,286.959,687.665,749.475,283.559,835.866,748.243,269.67,834.104,599.298,276.045,766.272,672.354,298.389
566,5.65,693.474,603.397,286.662,694.484,754.191,283.342,842.643,752.703,269.628,840.588,603.772,275.781,773,676.998,298.317
567,5.66,700.149,608.247,286.513,701.4,758.997,283.062,849.598,757.262,269.506,847.155,608.208,275.701,779.655,681.669,298.138
568,5.67,706.718,613.159,286.092,708.29,763.805,282.856,856.407,761.744,269.26,853.812,612.766,275.51,786.408,686.212,297.973
569,5.68,713.33,617.942,285.942,715.179,768.529,282.556,863.424,766.15,269.261,860.32,617.11,275.471,793.197,690.837,297.777
570,5.69,719.884,622.7,285.744,722.211,773.331,282.326,870.412,770.491,268.896,867.078,621.657,275.334,800.006,695.445,297.545
571,5.7,726.67,627.639,285.521,729.17,778.194,282.11,877.469,775,268.742,873.693,626.304,275.216,806.875,700.127,297.335
572,5.71,733.217,632.472,285.037,736.296,783.074,281.973,884.632,779.566,268.647,880.477,630.728,274.857,813.757,704.767,297.141
573,5.72,740.173,637.392,284.954,743.406,787.979,281.788,891.541,784.044,268.358,887.268,635.267,274.786,820.828,709.43,297.034
574,5.73,746.947,642.173,284.698,750.585,792.827,281.59,898.774,788.563,268.458,894.049,639.706,274.345,827.587,714.005,296.624
575,5.74,753.723,647.016,284.371,757.634,797.675,281.358,905.912,793.205,268.115,900.656,644.145,274.062,834.625,718.762,296.476
576,5.75,760.617,651.767,284.153,764.795,802.517,281.032,913.261,797.726,268.049,907.617,648.779,273.888,841.605,723.41,296.308
577,5.76,767.504,656.724,283.872,772.016,807.346,280.74,920.39,802.353,267.923,914.571,653.353,273.802,848.58,728.089,295.973
578,5.77,774.624,661.566,283.587,779.246,812.196,280.489,927.406,806.892,267.633,921.515,657.996,273.64,855.674,732.842,295.801
579,5.78,781.424,666.338,283.141,786.557,816.978,280.346,934.683,811.209,267.399,928.572,662.499,273.464,862.711,737.543,295.614
580,5.79,788.415,671.052,282.699,793.731,821.855,279.807,941.811,815.923,267.244,935.567,667.175,273.378,869.754,742.192,295.296
581,5.8,795.562,675.894,282.445,801.111,826.676,279.627,949.392,820.445,267.23,942.621,671.794,273.083,876.984,746.884,295.048
582,5.81,802.551,680.886,282.075,808.392,831.49,279.238,956.286,825.147,266.833,949.619,676.286,272.737,884.17,751.56,294.801
583,5.82,809.739,685.498,282.018,815.688,836.247,278.778,963.86,829.65,266.626,956.719,680.968,272.596,891.437,756.258,294.471
584,5.83,816.73,690.079,281.67,823.061,841.052,278.587,971.282,834.399,266.302,963.94,685.592,272.26,898.658,761.035,294.205
585,5.84,823.989,695.106,281.459,830.404,845.97,278.189,978.525,839.032,265.957,970.978,690.107,272.02,905.84,765.697,293.936
586,5.85,831.277,699.902,281.354,837.803,850.729,277.944,985.951,843.543,265.77,978.316,694.769,271.707,913.182,770.493,293.732
587,5.86,838.338,704.753,281.141,845.291,855.541,277.665,993.339,848.141,265.157,985.489,699.656,271.738,920.504,775.257,293.463
588,5.87,845.661,709.771,280.843,852.589,860.344,277.185,1000.711,852.93,264.813,992.795,704.222,271.232,927.82,780.098,293.129
589,5.88,852.946,714.606,280.72,860.044,865.1,276.832,1008.338,857.539,264.672,999.907,708.831,271.031,935.239,784.842,292.925
590,5.89,860.063,719.4,280.261,867.543,870.048,276.628,1015.63,862.248,264.143,1007.28,713.502,270.752,942.654,789.673,292.698
591,5.9,867.587,724.265,280.11,875.027,875.016,276.249,1023.124,866.857,263.931,1014.6,718.314,270.689,949.938,794.281,292.135
592,5.91,874.996,729.099,279.828,882.536,879.756,275.981,1030.809,871.718,263.685,1022.147,722.878,270.324,957.49,799.113,291.881
593,5.92,882.47,734.095,279.511,890.085,884.59,275.523,1038.142,876.516,263.285,1029.56,727.843,270.274,964.943,803.83,291.546
594,5.93,889.921,738.916,279.289,897.61,889.378,275.209,1045.782,880.995,262.91,1036.968,732.375,269.721,972.346,808.656,291.171
595,5.94,897.513,743.608,278.961,905.3,894.33,274.894,1053.218,885.772,262.619,1044.333,737.22,269.524,979.956,813.421,290.953
596,5.95,904.921,748.428,278.638,912.837,899.222,274.601,1060.705,890.643,262.014,1051.805,741.715,268.901,987.544,818.308,290.651
597,5.96,912.543,753.124,278.286,920.471,904.032,274.309,1068.412,895.432,262.008,1059.419,746.764,268.861,995.051,823.199,290.341
598,5.97,920.032,757.945,277.842,928.002,908.794,273.836,1076.11,900.216,261.51,1067.046,751.44,268.32,1002.686,828.052,290.045
599,5.98,927.638,762.963,277.458,935.594,913.597,273.404,1083.704,904.969,261.435,1074.482,756.372,268.331,1010.239,832.995,289.682
600,5.99,935.33,767.825,277.003,943.325,918.541,272.871,1091.389,909.901,261.305,1082.32,761.196,268.214,1017.792,837.83,289.372
601,6,942.752,772.874,276.37,950.735,923.512,271.754,1099.094,914.99,261.49,1089.785,766.186,268.565,1025.294,842.656,289.2
602,6.01,950.207,777.766,275.006,958.372,928.386,270.82,1106.559,919.721,261.652,1097.391,771.112,268.96,1032.528,847.577,288.613
603,6.02,957.713,782.636,273.911,965.937,933.394,269.521,1114.432,924.467,262.366,1104.951,776.113,269.663,1039.758,853.005,287.979
604,6.03,965.204,787.503,272.576,973.363,938.232,268.036,1122.042,929.658,263.346,1112.362,780.839,270.399,1047.169,857.749,288.045
605,6.04,972.728,792.362,270.909,980.913,943.09,266.359,1129.387,934.504,264.279,1119.854,785.783,271.255,1054.547,862.892,287.83
606,6.05,979.974,797.282,269.26,988.244,947.964,264.596,1136.829,939.366,265.25,1127.192,790.811,272.688,1061.604,867.861,287.573
607,6.06,987.207,802.278,267.104,995.66,952.939,262.736,1144.197,944.466,266.509,1134.392,795.527,273.551,1068.137,872.284,287.394
608,6.07,994.573,807.258,265.256,1002.851,957.898,260.639,1151.283,949.319,267.862,1141.465,800.876,274.826,1074.863,877.181,287.096
609,6.08,1001.754,812.077,263.249,1010.197,962.987,258.872,1158.495,954.342,269.263,1148.395,805.667,275.835,1081.527,882.029,286.603
610,6.09,1008.875,817.202,261.159,1017.406,967.978,257.117,1165.36,959.367,270.385,1155.344,810.824,277.073,1088.073,887.117,286.139
611,6.1,1015.777,822.29,259.149,1024.528,972.978,255.368,1172.091,964.446,271.544,1161.951,815.613,277.885,1094.475,892.003,285.805
612,6.11,1022.522,827.077,257.146,1031.291,977.906,253.56,1178.662,969.236,272.599,1168.335,820.879,278.704,1100.962,897.231,285.627
613,6.12,1029.478,832.27,255.275,1037.954,982.627,251.633,1185.116,974.306,273.484,1174.703,825.584,279.445,1107.126,902.305,285.183
614,6.13,1035.991,837.201,253.517,1044.523,987.565,250.171,1191.378,979.511,274.491,1180.76,830.79,280.026,1113.21,907.43,284.745
615,6.14,1042.336,842.601,251.559,1050.95,992.806,248.771,1197.192,984.412,275.194,1186.847,835.727,280.262,1119.202,912.433,284.354
616,6.15,1048.393,847.461,249.959,1057.111,997.838,247.444,1203.119,989.322,275.781,1192.479,840.782,280.511,1124.789,917.387,283.7
617,6.16,1054.327,852.423,248.531,1063.086,1002.869,246.277,1208.534,994.517,276.113,1197.915,845.634,280.511,1130.255,922.24,282.962
618,6.17,1059.92,857.311,246.75,1068.622,1007.866,244.953,1213.574,999.355,276.258,1203.313,850.818,280.592,1135.334,927.171,282.235
619,6.18,1065.56,862.598,245.435,1074.037,1012.864,243.829,1218.798,1004.43,276.457,1208.602,855.944,280.453,1140.443,932.28,281.576
620,6.19,1070.539,867.79,243.957,1079.105,1017.83,242.682,1223.772,1009.61,276.44,1213.556,861.112,280.06,1145.364,937.3,280.826
621,6.2,1075.656,872.541,242.741,1083.852,1022.886,241.708,1228.51,1014.648,276.424,1218.18,865.835,279.497,1150.071,942.261,280.137
622,6.21,1080.265,877.712,241.567,1088.523,1027.923,240.8,1232.745,1019.622,276.057,1222.722,871.09,279.172,1154.493,947.37,279.387
623,6.22,1084.701,882.714,240.382,1092.778,1032.9,239.82,1236.983,1024.852,275.632,1226.986,876.123,278.481,1158.64,952.42,278.582
624,6.23,1088.885,887.517,239.293,1096.627,1037.824,238.686,1240.952,1029.947,275.329,1230.916,881.279,277.829,1162.637,957.471,277.831
625,6.24,1092.609,892.608,238.194,1100.442,1042.887,237.824,1244.439,1035.118,274.442,1234.743,886.378,277.173,1166.11,962.396,276.825
626,6.25,1096.281,897.456,237.352,1103.832,1047.847,236.812,1247.882,1040.249,273.719,1238.312,891.563,276.483,1169.678,967.502,276.034
627,6.26,1099.611,902.519,236.321,1106.888,1052.727,235.833,1250.97,1045.513,272.773,1241.587,896.687,275.54,1172.766,972.476,275.033
628,6.27,1102.719,907.227,235.384,1109.863,1057.954,235.023,1253.942,1050.483,271.982,1244.57,901.834,274.637,1175.644,977.95,273.984
629,6.28,1105.377,912.199,234.504,1112.335,1062.78,233.787,1256.382,1055.663,270.847,1247.356,906.91,273.706,1178.382,983.111,273.025
630,6.29,1107.829,917.029,233.717,1114.637,1067.663,232.734,1258.673,1060.977,269.78,1249.846,912.088,272.767,1180.788,988.379,271.999
631,6.3,1110.23,921.902,232.762,1116.669,1072.533,231.781,1260.749,1066.296,268.641,1252.106,917.39,271.786,1182.89,993.31,270.994
632,6.31,1112.085,926.866,231.826,1118.309,1077.446,230.558,1262.641,1071.496,267.434,1254.169,922.68,270.881,1184.711,998.312,269.962
633,6.32,1113.712,931.895,230.857,1119.776,1082.495,229.569,1264.065,1076.476,266.252,1255.826,927.77,269.676,1186.39,1003.243,268.91
634,6.33,1115.173,936.722,230.125,1121.01,1087.451,228.412,1265.326,1081.746,264.991,1257.287,932.96,268.7,1187.82,1008.158,267.926
635,6.34,1116.355,941.715,229.307,1122.002,1092.407,227.273,1266.142,1087.031,263.64,1258.533,938.188,267.713,1188.898,1013.233,266.791
636,6.35,1117.344,946.452,228.346,1122.652,1097.39,226.247,1266.962,1092.136,262.299,1259.564,943.582,266.76,1189.758,1018.319,265.817
637,6.36,1117.81,951.421,227.607,1122.946,1102.104,225.173,1267.297,1097.32,260.994,1260.113,948.637,265.555,1190.397,1023.446,264.717
638,6.37,1118.201,956.395,226.769,1123.12,1107.047,224.095,1267.308,1102.402,259.602,1260.67,953.907,264.474,1190.778,1028.566,263.679
639,6.38,1118.439,961.427,225.878,1123.094,1112.183,223.048,1267.346,1107.65,258.456,1260.866,959.105,263.51,1190.801,1033.755,262.641
640,6.39,1118.321,966.058,224.84,1122.523,1116.962,221.849,1267.035,1113.017,257.221,1260.848,964.344,262.48,1190.738,1038.947,261.685
641,6.4,1117.921,971.1,223.879,1121.859,1121.89,220.835,1266.345,1118.037,255.726,1260.505,969.457,261.23,1190.25,1043.864,260.536
642,6.41,1117.548,976.015,223.244,1120.991,1126.864,219.886,1265.461,1123.357,254.667,1259.851,974.779,260.132,1189.513,1048.945,259.4
643,6.42,1116.287,981.014,222.034,1119.868,1131.769,219.031,1264.645,1128.582,253.626,1259.091,979.922,258.933,1188.516,1053.834,258.417
644,6.43,1115.299,985.836,221.006,1118.24,1136.645,217.821,1263.147,1133.79,252.346,1257.988,985.348,258.047,1187.412,1058.954,257.494
645,6.44,1113.924,990.806,220.189,1116.7,1141.709,217.047,1261.583,1139.144,251.311,1256.783,990.32,256.707,1185.903,1063.965,256.299
646,6.45,1112.161,995.614,219.327,1114.769,1146.555,216.146,1259.619,1144.396,250.222,1255.014,995.671,255.682,1184.176,1069.062,255.221
647,6.46,1110.216,1000.435,218.18,1112.594,1151.562,215.095,1257.234,1149.311,249.018,1253.28,1000.735,254.506,1182.224,1074.015,254.473
648,6.47,1108.292,1005.342,217.29,1110.21,1156.379,214.301,1255.025,1154.389,248.185,1251.099,1005.917,253.585,1179.695,1078.957,253.279
649,6.48,1105.837,1010.568,216.23,1107.555,1161.471,213.497,1252.542,1159.853,247.082,1248.789,1010.916,252.106,1177.383,1084.075,252.394
650,6.49,1103.454,1015.419,215.641,1104.756,1166.411,213.15,1249.771,1164.913,245.768,1246.374,1016.197,250.747,1174.807,1089.05,251.395
651,6.5,1100.501,1020.344,214.985,1101.553,1171.293,212.801,1246.926,1170.016,244.452,1243.906,1021.119,248.804,1172.155,1094.042,250.448
652,6.51,1097.389,1025.284,214.43,1098.205,1176.175,212.8,1244.044,1175.206,242.727,1241.06,1026.237,247.052,1169.38,1099.014,249.336
653,6.52,1094.362,1030.025,214.422,1094.796,1181.274,213.01,1240.814,1180.167,240.814,1238.27,1031.029,244.412,1166.654,1103.952,248.381
654,6.53,1090.681,1035.226,214.292,1090.874,1185.889,213.307,1237.601,1185.305,238.698,1235.16,1036.267,242.135,1163.741,1108.768,247.179
655,6.54,1086.799,1039.852,214.476,1087.127,1190.893,213.906,1234.36,1190.338,236.428,1232.161,1041.135,239.52,1160.628,1113.742,246.21
656,6.55,1083.223,1044.787,214.871,1083.273,1195.902,214.288,1230.923,1195.379,234.029,1228.685,1046.365,237.256,1157.455,1118.676,245.301
657,6.56,1078.872,1049.724,215.407,1079.19,1200.688,214.668,1227.151,1200.328,231.309,1225.368,1051.335,234.644,1153.857,1123.567,244.165
658,6.57,1074.757,1054.625,215.862,1075.219,1205.615,215.185,1223.54,1205.351,228.814,1221.528,1056.179,232.365,1150.524,1128.556,243.105
659,6.58,1070.893,1059.693,216.707,1071.242,1210.563,215.701,1219.52,1209.904,226.285,1217.826,1061.273,230.169,1146.82,1133.652,242.361
660,6.59,1066.86,1064.575,217.487,1067,1215.485,215.772,1215.435,1214.956,223.721,1213.756,1066.048,228.246,1143.099,1138.589,241.186
661,6.6,1062.755,1069.451,218.264,1062.796,1220.434,216.087,1211.248,1219.744,221.064,1209.834,1070.984,226.371,1139.378,1143.549,240.396
662,6.61,1058.653,1074.403,219.179,1058.562,1225.28,216.064,1207.202,1224.818,218.991,1205.678,1075.961,224.669,1135.571,1148.501,239.794
663,6.62,1054.298,1079.349,219.779,1054.43,1230.192,216.293,1203.176,1229.516,216.801,1201.45,1080.684,223.022,1131.615,1153.485,238.769
664,6.63,1050.093,1084.061,220.549,1050.151,1235.081,216.282,1198.9,1234.187,214.697,1197.418,1085.723,221.737,1127.614,1158.441,238.17
665,6.64,1045.934,1088.991,221.28,1046.044,1239.847,216.413,1194.805,1239.11,213.102,1193.122,1090.367,220.501,1123.718,1163.254,237.524
666,6.65,1041.723,1094.081,221.667,1041.863,1244.842,216.441,1190.519,1244.009,211.272,1188.99,1095.126,219.373,1119.848,1168.311,237.106
667,6.66,1037.574,1098.932,222.123,1037.721,1249.775,216.476,1186.235,1248.454,209.841,1184.764,1100.076,218.448,1115.662,1172.997,236.243
668,6.67,1033.656,1103.755,222.77,1033.751,1254.71,216.612,1182.28,1253.44,208.65,1180.498,1104.642,217.287,1111.641,1177.882,235.928
669,6.68,1029.177,1108.768,222.901,1029.685,1259.608,216.631,1178.02,1257.953,207.516,1176.367,1109.462,216.585,1107.565,1182.653,235.245
670,6.69,1024.759,1113.293,223.28,1025.843,1264.513,216.599,1174.17,1262.946,206.735,1172.396,1114.299,216.051,1104.016,1187.633,235.335
671,6.7,1020.828,1118.305,223.498,1021.925,1269.478,216.66,1170.289,1267.744,206.05,1167.59,1118.522,215.111,1099.939,1192.496,234.792
672,6.71,1016.759,1123.065,223.663,1018.197,1274.429,216.658,1166.464,1272.371,205.616,1163.775,1123.443,214.68,1096.299,1197.468,234.741
673,6.72,1012.99,1128.24,223.556,1014.372,1279.402,216.655,1162.587,1277.208,205.036,1159.944,1128.271,214.502,1092.232,1202.088,234.258
674,6.73,1009.151,1133.138,223.547,1010.764,1284.312,216.656,1159.111,1281.791,204.976,1156.066,1132.94,214.06,1088.589,1207.096,234.103
675,6.74,1005.426,1138.156,223.351,1007.222,1289.503,216.565,1155.444,1286.797,204.671,1152.269,1137.731,213.883,1084.939,1211.841,234.038
676,6.75,1001.633,1142.957,223.341,1003.685,1294.18,216.527,1152.078,1291.476,204.841,1148.614,1142.505,213.69,1081.447,1216.809,233.945
677,6.76,997.981,1147.959,223.096,1000.21,1299.313,216.403,1148.46,1296.237,204.628,1145.109,1147.411,213.644,1077.919,1221.621,233.866
678,6.77,994.699,1153.003,222.801,996.96,1304.236,216.502,1145.031,1300.97,204.584,1141.279,1152.027,213.065,1074.475,1226.429,233.857
679,6.78,991.121,1157.932,222.615,993.563,1309.141,216.389,1141.839,1305.881,204.829,1137.844,1156.981,213.247,1071.034,1231.204,233.754
680,6.79,987.812,1163.024,222.402,990.284,1313.952,216.336,1138.674,1310.727,204.679,1134.393,1161.479,212.859,1067.564,1236.091,233.528
681,6.8,984.172,1167.839,222.501,987.166,1319.044,216.457,1135.554,1315.441,204.772,1131.058,1166.419,212.935,1064.342,1240.84,233.406
682,6.81,980.93,1172.827,222.184,984.112,1323.923,216.554,1132.489,1320.32,204.833,1127.893,1171.011,212.745,1061.347,1245.902,233.576
683,6.82,977.849,1177.752,222.346,981.278,1329.123,216.583,1129.322,1325.024,204.653,1124.864,1176.03,212.839,1058.385,1250.852,233.563
684,6.83,975.078,1182.855,222.101,978.278,1334.007,216.583,1126.651,1329.847,204.925,1121.808,1180.768,212.617,1055.336,1255.654,233.542
685,6.84,971.94,1187.724,222.106,975.501,1338.896,216.78,1123.833,1334.665,204.985,1119.004,1185.858,212.811,1052.448,1260.617,233.486
686,6.85,969.188,1192.597,222.098,972.761,1343.915,216.879,1121.006,1339.491,204.958,1116.119,1190.669,212.52,1049.719,1265.376,233.635
687,6.86,966.375,1197.762,222.25,970.013,1348.824,216.835,1118.006,1344.233,204.895,1112.975,1195.298,212.367,1046.944,1270.189,233.664
688,6.87,963.325,1202.297,222.116,967.435,1353.681,217.138,1115.509,1348.962,204.988,1110.374,1200.18,212.446,1044.364,1275.057,233.677
689,6.88,960.755,1207.36,222.24,964.99,1358.682,217.208,1113.136,1353.901,205.208,1107.582,1204.918,212.418,1041.705,1279.928,233.712
690,6.89,958.273,1212.16,222.515,962.503,1363.678,217.267,1110.792,1358.648,205.393,1105.144,1209.807,212.507,1039.083,1284.701,233.843
691,6.9,955.683,1217.142,222.446,960.059,1368.529,217.587,1108.352,1363.571,205.442,1102.591,1214.565,212.837,1036.562,1289.378,233.895
692,6.91,953.404,1222.098,222.873,957.884,1373.463,217.821,1106.041,1368.325,205.535,1100.366,1219.453,212.884,1034.239,1294.349,234.199
693,6.92,951.141,1227.033,223.313,955.559,1378.299,218.042,1104.036,1373.195,206.095,1098.018,1224.272,213.284,1031.904,1299.068,234.489
694,6.93,948.682,1231.915,223.566,953.442,1383.105,218.773,1101.809,1377.883,206.386,1095.757,1228.971,213.669,1029.787,1304.004,234.97
695,6.94,946.694,1236.88,224.274,951.516,1388.1,219.259,1099.891,1382.763,206.97,1093.748,1233.912,214.198,1027.759,1308.889,235.576
696,6.95,944.641,1241.736,224.974,949.477,1392.919,219.798,1097.737,1387.319,207.554,1091.65,1238.608,214.687,1025.55,1313.56,236.093
697,6.96,942.459,1246.619,225.753,947.717,1397.849,220.897,1095.963,1392.058,208.33,1089.534,1243.369,215.613,1023.861,1318.506,236.974
698,6.97,940.292,1251.287,227.009,945.917,1402.751,221.817,1094.182,1396.941,209.297,1087.818,1248.205,216.326,1022.026,1323.341,237.947
699,6.98,938.525,1256.401,227.705,944.295,1407.724,223.008,1092.23,1401.603,210.246,1085.743,1252.766,217.346,1020.197,1327.935,238.97
700,6.99,936.717,1261.264,228.996,942.546,1412.462,224.269,1090.642,1406.361,211.308,1084.009,1257.389,218.491,1018.611,1332.828,240.133
701,7,935.412,1266.217,230.414,941.111,1417.385,225.655,1089.07,1411.141,212.608,1082.104,1262.073,219.667,1017.167,1337.807,241.532
702,7.01,933.691,1270.985,231.885,939.827,1422.303,227.21,1087.78,1415.883,214.195,1080.659,1266.898,221.101,1015.786,1342.627,243.071
703,7.02,932.348,1275.759,233.707,938.39,1427.084,228.805,1086.324,1420.617,215.681,1079.065,1271.523,222.739,1014.37,1347.417,244.649
704,7.03,931.105,1280.712,235.643,937.209,1431.792,230.815,1085.177,1425.323,217.525,1077.737,1276.256,224.406,1012.822,1352.063,246.424
705,7.04,930.078,1285.499,237.766,936.051,1436.697,232.7,1083.815,1430.025,219.219,1076.589,1281.069,226.422,1011.728,1356.947,248.439
706,7.05,928.561,1290.074,239.891,934.94,1441.541,234.878,1082.848,1434.906,221.422,1075.498,1285.884,228.53,1010.83,1361.742,250.554
707,7.06,927.469,1294.787,242.264,934.02,1446.372,237.276,1082.116,1439.624,223.744,1074.232,1290.315,230.762,1009.663,1366.339,252.828
708,7.07,926.621,1299.645,244.75,933.049,1451.066,239.567,1080.985,1444.278,226.088,1073.246,1295.035,233.077,1008.635,1371.074,255.144
709,7.08,925.849,1304.437,247.478,932.313,1455.904,242.138,1080.423,1448.935,228.72,1072.417,1299.763,235.812,1008.028,1375.865,257.938
710,7.09,925.149,1309.287,250.305,931.662,1460.647,244.945,1079.713,1453.705,231.554,1071.857,1304.639,238.631,1007.346,1380.69,260.683
711,7.1,924.63,1314.083,253.377,931.119,1465.398,247.871,1079.129,1458.497,234.412,1071.314,1309.386,241.657,1006.694,1385.383,263.663
712,7.11,924.004,1318.583,256.599,930.663,1470.142,251.004,1078.734,1463.133,237.437,1070.777,1314.004,244.953,1006.185,1390.189,266.728
713,7.12,923.748,1323.517,259.877,930.309,1474.916,254.309,1078.282,1467.909,240.575,1070.611,1318.944,248.204,1005.881,1395.017,270.1
714,7.13,923.332,1328.217,263.267,929.873,1479.722,257.656,1077.765,1472.629,243.902,1070.239,1323.504,251.661,1005.503,1399.525,273.521
715,7.14,923.177,1332.854,266.977,929.576,1484.274,261.204,1077.497,1477.234,247.371,1069.941,1328.103,255.318,1005.337,1404.404,277.072
716,7.15,923.125,1337.677,270.887,929.589,1489.066,265.015,1077.356,1481.872,250.924,1069.893,1333.066,259.092,1005.219,1409.089,280.9
717,7.16,923.154,1342.355,274.838,929.45,1493.663,268.834,1077.457,1486.618,254.971,1069.808,1337.746,262.956,1005.294,1413.833,284.861
718,7.17,923.258,1347.088,279.098,929.515,1498.343,272.777,1077.346,1491.303,258.812,1070.096,1342.456,267.167,1005.335,1418.479,288.923
719,7.18,923.325,1351.701,283.269,929.821,1503.164,276.98,1077.564,1495.926,263.124,1069.387,1346.573,271.172,1005.492,1423.18,293.127
720,7.19,923.567,1356.398,287.834,930.03,1507.849,281.298,1077.997,1500.568,267.562,1069.89,1351.455,275.744,1005.739,1427.824,297.502
721,7.2,923.553,1361.024,292.427,930.351,1512.514,285.754,1078.332,1505.329,272.061,1070.33,1356.162,280.402,1006.012,1432.51,301.989
722,7.21,923.975,1365.757,297.092,930.719,1517.181,290.218,1078.664,1509.872,276.718,1070.914,1361.007,285.192,1006.12,1437.135,306.607
723,7.22,924.612,1370.487,301.687,931.356,1521.89,295.068,1079.2,1514.6,281.454,1071.061,1365.368,289.95,1006.76,1441.907,311.489
724,7.23,925.17,1375.252,306.58,931.811,1526.493,299.689,1079.752,1519.234,286.362,1071.643,1369.952,295.075,1007.35,1446.547,316.358
725,7.24,925.867,1379.847,311.8,932.528,1531.318,304.805,1080.582,1523.903,291.477,1072.572,1374.854,300.304,1008.076,1451.33,321.426
726,7.25,926.578,1384.603,316.785,933.248,1535.866,309.797,1081.413,1528.545,296.787,1073.358,1379.57,305.513,1008.824,1456.149,326.595
727,7.26,927.184,1389.156,322.24,934.207,1540.63,315.069,1082.192,1533.184,301.875,1074.22,1384.295,310.801,1009.708,1460.802,331.856
728,7.27,928.097,1393.853,327.58,935.055,1545.197,320.433,1082.835,1537.796,306.958,1075.105,1388.947,316.23,1010.495,1465.466,337.246
729,7.28,929.335,1398.635,333.081,936.059,1549.941,325.748,1084.056,1542.546,312.676,1075.952,1393.437,321.82,1011.467,1470.068,342.714
730,7.29,930.225,1403.23,338.564,937.112,1554.644,331.257,1084.999,1547.187,318.063,1077.273,1398.332,327.493,1012.511,1474.773,348.241
731,7.3,931.366,1407.863,344.276,938.308,1559.379,336.804,1086.291,1551.904,323.946,1077.982,1402.812,332.986,1013.758,1479.596,353.998
732,7.31,932.675,1412.742,349.857,939.496,1564.089,342.487,1087.445,1556.466,329.532,1079.296,1407.502,338.9,1014.862,1484.165,359.769
733,7.32,934.042,1417.531,355.716,940.722,1568.68,348.153,1088.652,1561.222,335.416,1080.426,1412.124,344.581,1016.153,1488.962,365.533
734,7.33,935.354,1422.186,361.538,942.146,1573.587,354.126,1090.051,1565.945,341.294,1081.995,1417.063,350.66,1017.442,1493.651,371.294
735,7.34,936.89,1426.956,367.514,943.542,1578.275,359.928,1091.525,1570.569,347.377,1083.515,1421.78,356.769,1018.896,1498.284,377.41
736,7.35,938.182,1431.594,373.236,945.032,1583.012,365.927,1092.995,1575.326,353.325,1084.955,1426.573,362.911,1020.547,1503.13,383.415
737,7.36,939.979,1436.58,379.407,946.614,1587.667,371.899,1094.648,1580.183,359.505,1086.509,1431.281,368.944,1021.827,1507.908,389.323
738,7.37,941.594,1441.359,385.3,948.232,1592.519,378.011,1096.286,1584.81,365.688,1088.191,1436.082,375.201,1023.496,1512.607,395.62
739,7.38,943.273,1446.056,391.477,950.032,1597.327,384.268,1097.887,1589.521,371.827,1089.614,1440.537,381.336,1025.111,1517.283,401.678
740,7.39,945.032,1450.865,397.59,951.639,1601.87,390.288,1099.689,1594.271,378.123,1090.912,1444.891,387.406,1026.775,1521.942,407.944
741,7.4,946.583,1455.53,403.913,953.426,1606.735,396.63,1101.391,1599.112,384.565,1093.092,1450.061,393.811,1028.591,1526.703,414.186
742,7.41,948.534,1460.276,410.117,955.399,1611.591,402.962,1103.377,1603.839,390.934,1094.622,1454.449,400.053,1030.37,1531.48,420.495
743,7.42,950.426,1464.945,416.392,957.303,1616.323,409.342,1105.126,1608.593,397.291,1096.996,1459.701,406.704,1032.212,1536.097,426.908
744,7.43,952.336,1469.955,422.802,959.295,1621.185,415.792,1107.212,1613.295,403.847,1099.022,1464.374,413.146,1034.239,1540.896,433.267
745,7.44,954.173,1474.644,429.341,961.253,1625.873,422.279,1109.221,1618.235,410.463,1101.058,1469.304,419.686,1036.024,1545.467,439.666
746,7.45,956.312,1479.468,435.702,963.419,1630.656,428.7,1111.734,1623.617,417.343,1102.692,1473.718,425.946,1038.243,1550.507,446.267
747,7.46,958.511,1484.2,442.163,965.484,1635.504,435.271,1113.807,1628.326,423.992,1104.996,1478.722,432.517,1040.375,1555.165,452.836
748,7.47,960.688,1488.882,448.742,967.65,1640.273,441.882,1116.01,1633.163,430.588,1107.358,1483.546,439.17,1042.622,1559.954,459.381
749,7.48,962.921,1493.728,455.236,969.92,1645.059,448.418,1118.249,1637.979,437.368,1109.804,1488.484,445.89,1044.955,1564.733,466.161
750,7.49,965.238,1498.469,461.866,972.125,1649.722,455.052,1120.639,1642.854,443.94,1112.1,1493.207,452.518,1046.964,1569.605,472.657
751,7.5,967.684,1503.331,468.593,974.55,1654.649,461.841,1123.046,1647.665,450.733,1114.631,1498.286,459.27,1049.417,1574.561,479.398
752,7.51,969.847,1508.058,475.236,976.939,1659.404,468.537,1125.307,1652.492,457.493,1117.09,1503.097,466.018,1051.967,1579.458,486.173
753,7.52,972.276,1512.961,481.902,979.426,1664.333,475.325,1127.949,1657.34,464.328,1119.491,1508.004,472.797,1054.464,1584.173,492.931
754,7.53,974.712,1517.677,488.763,981.95,1669.236,482.075,1130.252,1662.2,471.038,1122.186,1512.934,479.669,1056.921,1589.03,499.763
755,7.54,977.375,1522.496,495.649,984.397,1673.854,488.87,1132.627,1666.901,477.749,1124.786,1517.731,486.482,1059.482,1593.897,506.601
756,7.55,980.049,1527.282,502.436,987.014,1678.715,495.714,1135.326,1671.844,484.686,1127.079,1522.318,493.198,1062.076,1598.658,513.364
757,7.56,982.804,1532.103,509.458,989.573,1683.589,502.583,1137.931,1676.732,491.656,1129.729,1527.139,500.03,1064.852,1603.528,520.366
758,7.57,985.526,1537.116,516.108,992.297,1688.451,509.457,1140.816,1681.71,498.501,1132.568,1532.077,506.918,1067.583,1608.514,527.257
759,7.58,988.262,1541.99,523.004,994.907,1693.049,516.597,1143.621,1686.204,505.493,1135.401,1536.986,513.695,1070.599,1613.711,534.359
760,7.59,991.2,1546.727,529.596,997.83,1698.052,523.571,1146.356,1691.197,512.554,1137.364,1541.272,519.894,1073.429,1618.439,541.095
761,7.6,993.549,1551.332,536.113,1000.657,1702.64,530.645,1149.014,1696.059,519.521,1140.257,1546.062,526.176,1076.289,1623.013,547.863
762,7.61,996.539,1556.188,542.164,1003.43,1707.372,538.033,1152.099,1700.752,526.354,1143.427,1551.148,532.237,1079.093,1627.604,554.147
763,7.62,999.443,1560.812,547.64,1006.488,1712.133,545.111,1154.91,1705.437,533.185,1146.278,1555.853,537.776,1082.05,1632.113,560.401
764,7.63,1002.189,1565.258,553.173,1009.436,1716.764,552.095,1157.788,1710.358,539.824,1149.415,1560.721,542.869,1085.102,1636.636,566.498
765,7.64,1005.432,1569.937,558.07,1012.53,1721.379,558.999,1160.895,1715.056,546.301,1151.806,1565.003,547.385,1088.169,1641.013,572.171
766,7.65,1008.364,1574.476,562.557,1015.545,1725.86,565.73,1163.998,1719.6,552.693,1154.876,1569.748,551.607,1091.214,1645.485,577.537
767,7.66,1011.425,1578.897,566.832,1018.705,1730.339,571.972,1167.019,1724.032,558.83,1157.702,1574.192,555.266,1094.204,1649.523,582.491
768,7.67,1014.523,1583.493,570.565,1021.868,1734.66,578.144,1170.132,1728.595,564.458,1161.436,1579.42,559.082,1097.38,1653.652,587.25
769,7.68,1017.471,1587.78,573.954,1024.966,1738.815,583.97,1173.356,1732.971,569.963,1164.644,1584.03,562.195,1100.304,1657.661,591.645
770,7.69,1020.435,1592.031,576.929,1028.197,1743.019,589.448,1176.444,1737.186,574.997,1167.768,1588.412,564.756,1103.6,1661.761,595.714
771,7.7,1023.654,1596.366,579.57,1031.559,1746.992,594.564,1179.699,1741.383,579.726,1171.033,1592.88,567.165,1106.864,1665.506,599.373
772,7.71,1027.06,1600.691,581.821,1034.777,1750.86,599.264,1182.952,1745.366,584.104,1174.166,1597.199,569.095,1110.206,1669.211,602.726
773,7.72,1030.3,1604.834,583.761,1038.247,1754.677,603.855,1186.499,1749.399,588.475,1177.43,1601.401,570.651,1113.532,1673.005,605.658
774,7.73,1033.555,1608.821,585.267,1041.795,1758.437,607.935,1189.74,1753.11,592.111,1180.386,1605.292,571.953,1116.793,1676.52,608.228
775,7.74,1037.754,1613.774,586.045,1045.185,1762.015,611.536,1193.289,1756.773,595.466,1183.624,1609.183,572.963,1119.972,1680.043,610.343
776,7.75,1040.389,1617.529,587.049,1048.609,1765.238,614.705,1196.832,1760.205,598.686,1186.887,1613.058,573.54,1123.557,1683.25,612.226
777,7.76,1043.825,1621.097,587.759,1052.138,1768.534,617.289,1200.332,1763.479,601.262,1190.297,1616.798,574.381,1126.803,1686.508,613.847
778,7.77,1047.116,1624.926,588.17,1055.706,1771.583,619.787,1203.944,1766.673,603.526,1193.084,1619.877,574.298,1130.292,1689.445,615.098
779,7.78,1050.491,1628.001,587.919,1059.162,1774.41,621.65,1207.444,1769.596,605.46,1196.73,1623.363,574.493,1133.922,1692.39,616.02
780,7.79,1053.975,1631.232,587.942,1062.918,1777.322,623.28,1210.804,1772.318,606.735,1200.496,1626.864,574.42,1137.412,1695.185,616.638
781,7.8,1057.561,1634.136,587.578,1066.49,1779.892,624.415,1214.383,1774.954,607.818,1203.632,1629.519,573.817,1140.916,1697.801,616.951
782,7.81,1060.858,1637.068,587.21,1070.335,1782.328,625.333,1218.305,1777.512,608.708,1207.007,1632.237,573.142,1144.617,1700.212,616.855
783,7.82,1064.613,1639.578,586.435,1073.733,1784.365,625.439,1221.846,1779.737,608.915,1210.734,1634.776,572.216,1148.154,1702.516,616.567
784,7.83,1068.447,1642.146,585.368,1077.711,1786.473,625.795,1225.72,1781.753,608.947,1214.255,1636.996,571.154,1151.895,1704.587,616.111
785,7.84,1072.063,1643.935,584.085,1081.539,1788.408,625.601,1229.415,1783.658,608.542,1218.383,1639.452,570.106,1155.643,1706.548,615.211
786,7.85,1075.836,1646.056,582.594,1085.413,1790.096,625.029,1233.388,1785.358,607.976,1222.195,1641.503,568.691,1159.482,1708.048,614.141
787,7.86,1079.719,1647.44,581.22,1089.355,1791.442,624.155,1237.22,1786.687,606.986,1226.108,1643.066,566.874,1163.423,1709.501,612.903
788,7.87,1083.472,1648.99,579.441,1093.158,1792.565,623.045,1241.198,1788.015,605.666,1229.738,1644.361,564.912,1167.26,1710.616,611.464
789,7.88,1087.55,1650.043,577.611,1097.138,1793.551,621.555,1245.104,1788.922,604.252,1233.351,1645.231,562.762,1171.035,1711.63,609.635
790,7.89,1091.598,1650.903,575.45,1101.256,1794.236,620.125,1249.188,1789.768,602.398,1237.487,1646.178,560.565,1175.082,1712.338,607.633
791,7.9,1095.413,1651.482,573.219,1105.27,1794.587,618.059,1253.168,1790.164,600.277,1241.632,1646.906,558.13,1179.224,1712.83,605.515
792,7.91,1099.375,1651.687,571.2,1109.507,1794.987,616.106,1257.331,1790.532,598.103,1245.295,1647.023,555.67,1183.334,1712.996,603.206
793,7.92,1103.472,1651.576,568.353,1113.535,1794.728,613.683,1261.301,1790.425,595.517,1249.529,1647.093,552.808,1187.567,1713.035,600.657
794,7.93,1107.785,1651.669,565.52,1117.853,1794.52,611.265,1265.686,1790.205,592.96,1253.43,1646.598,549.802,1191.662,1712.709,597.848
795,7.94,1111.901,1651.032,562.736,1122.212,1793.951,608.61,1269.976,1789.586,590.169,1257.852,1646.304,546.783,1195.959,1712.1,595.066
796,7.95,1116.265,1650.118,559.873,1126.549,1793.074,605.857,1274.216,1788.602,587.162,1262.321,1645.607,543.924,1200.192,1711.261,591.869
797,7.96,1120.606,1649.205,556.589,1130.93,1791.982,602.789,1278.46,1787.5,583.781,1266.753,1644.732,540.719,1204.631,1710.199,588.974
798,7.97,1125.02,1647.934,553.178,1135.323,1790.658,599.541,1283.068,1786.123,580.537,1270.975,1643.104,537.3,1209.121,1708.711,585.64
799,7.98,1129.507,1646.267,549.763,1139.746,1788.947,596.228,1287.685,1784.517,577.371,1274.985,1641.169,533.632,1213.505,1707.049,582.196
800,7.99,1133.814,1644.127,546.538,1144.346,1786.951,592.703,1292.098,1782.558,573.678,1279.801,1639.336,530.19,1218.131,1705.219,578.649
801,8,1138.342,1641.796,542.851,1148.924,1784.69,588.906,1296.685,1780.203,570.004,1284.582,1637.412,526.681,1222.658,1702.915,575.013
802,8.01,1143.213,1639.317,539.38,1153.57,1782.326,585.23,1301.306,1777.779,566.201,1289.328,1634.872,522.974,1227.448,1700.42,571.272
803,8.02,1147.687,1636.423,535.517,1158.394,1779.551,581.547,1306.037,1774.974,562.46,1294.067,1632.129,519.076,1232.312,1697.48,567.564
804,8.03,1152.482,1633.111,531.456,1162.994,1776.349,577.478,1310.911,1771.897,558.58,1298.632,1628.793,515.139,1237.016,1694.589,563.497
805,8.04,1156.93,1629.86,527.684,1167.86,1773.062,573.415,1315.731,1768.398,554.606,1303.21,1625.291,511.173,1242.013,1691.038,559.491
806,8.05,1162.241,1626.803,523.08,1172.742,1769.297,569.387,1320.692,1764.825,550.638,1307.742,1621.214,506.856,1246.765,1687.474,555.504
807,8.06,1167.227,1622.779,519.204,1177.737,1765.366,565.239,1325.586,1760.89,546.388,1313.211,1617.8,503.175,1251.799,1683.536,551.37
808,8.07,1172.318,1618.384,514.726,1182.957,1761.383,561.285,1330.609,1756.553,542.282,1318.124,1613.324,498.732,1256.596,1679.216,547.072
809,8.08,1177.4,1613.786,510.734,1187.857,1756.596,556.625,1335.769,1751.996,538.086,1323.343,1608.85,494.692,1261.767,1674.759,542.803
810,8.09,1182.606,1608.912,506.56,1193.095,1751.892,552.486,1340.695,1747.179,533.664,1328.474,1604.043,490.358,1266.841,1669.802,538.489
811,8.1,1187.878,1603.761,502.177,1198.279,1746.678,548.232,1346.002,1742.042,529.31,1333.9,1598.937,486.087,1272.096,1664.74,534.206
812,8.11,1193.129,1598.235,497.89,1203.504,1741.251,543.792,1351.144,1736.813,524.868,1339.205,1593.797,481.763,1277.396,1659.323,529.829
813,8.12,1198.417,1592.507,493.525,1208.678,1735.375,539.168,1356.508,1731.079,520.215,1344.415,1587.915,477.286,1282.724,1653.708,525.353
814,8.13,1203.826,1586.567,488.866,1214.139,1729.463,535.011,1361.712,1725.053,515.631,1349.768,1581.995,472.61,1288.108,1647.753,520.959
815,8.14,1209.119,1580.02,484.641,1219.528,1723.186,530.562,1367.238,1718.839,511.14,1355.064,1575.57,468.109,1293.535,1641.487,516.488
816,8.15,1214.646,1573.441,480.062,1224.941,1716.559,525.859,1372.734,1712.468,506.719,1360.543,1568.931,463.483,1299.062,1635.012,511.919
817,8.16,1220.119,1566.273,475.781,1230.514,1709.644,521.31,1378.094,1705.616,501.846,1366.596,1562.641,459.2,1304.321,1627.931,507.284
818,8.17,1225.805,1559.036,471.123,1235.974,1702.432,516.613,1383.782,1698.558,497.217,1371.848,1555.133,454.373,1310.029,1620.941,502.689
819,8.18,1231.458,1551.334,467.141,1241.845,1695.129,511.942,1389.476,1691.286,492.462,1377.855,1547.824,450.046,1315.862,1613.7,498.215
820,8.19,1237.468,1543.61,462.486,1247.477,1687.58,506.901,1395.213,1683.819,487.479,1383.648,1540.172,445.641,1321.678,1606.123,493.504
821,8.2,1243.053,1535.684,458.268,1253.22,1679.904,501.605,1401.049,1676.031,482.566,1389.463,1532.142,441.522,1327.413,1598.491,489.059
822,8.21,1248.949,1527.313,454.209,1259.066,1672.278,496.249,1406.803,1668.143,477.18,1395.044,1523.232,437.786,1333.335,1590.466,484.413
823,8.22,1254.955,1518.623,450.228,1265.039,1664.273,490.424,1412.587,1660.079,471.669,1401.577,1515.076,434.684,1339.144,1582.467,479.879
824,8.23,1261.208,1509.991,446.547,1270.763,1656.12,484.309,1418.502,1651.686,466.054,1407.481,1505.922,431.193,1345.105,1574.206,475.46
825,8.24,1267.48,1501.056,443.207,1276.799,1647.944,478.209,1424.538,1643.268,460.484,1413.801,1496.797,428.203,1351.199,1565.884,470.953
826,8.25,1273.667,1491.655,439.973,1282.682,1639.419,471.621,1430.491,1634.551,454.603,1420.168,1487.738,425.415,1357.121,1557.418,466.415
827,8.26,1279.915,1482.404,436.475,1288.516,1630.8,465.231,1436.586,1625.706,448.652,1426.424,1478.339,422.438,1363.3,1548.755,462.004
828,8.27,1286.171,1473.133,433.07,1294.567,1621.956,458.736,1442.615,1616.742,443.149,1432.972,1468.882,419.97,1369.452,1540.01,457.531
829,8.28,1292.718,1463.437,430.04,1300.69,1612.934,452.203,1448.705,1607.679,437.256,1439.362,1459.186,416.938,1375.701,1531.119,453.084
830,8.29,1299.122,1453.906,426.702,1307.085,1604.037,446.211,1454.985,1598.23,431.272,1445.745,1449.505,414.143,1381.716,1521.823,448.444
831,8.3,1305.61,1444.311,423.547,1313.17,1594.552,439.807,1461.405,1588.929,425.596,1452.32,1439.735,411.417,1388.15,1512.704,444.091
832,8.31,1312.315,1434.503,420.255,1319.457,1585.288,433.747,1467.433,1579.356,419.874,1458.844,1430.177,408.389,1394.486,1503.409,439.651
833,8.32,1318.298,1424.818,416.813,1325.799,1575.769,427.781,1474.003,1569.747,414.411,1465.364,1420.314,405.193,1400.798,1494.049,435.307
834,8.33,1325.007,1415.078,413.486,1332.207,1566.253,422.198,1480.173,1559.998,408.865,1471.605,1410.361,402.219,1407.302,1484.736,431.051
835,8.34,1331.155,1405.239,410.093,1338.552,1556.589,416.519,1486.635,1550.313,403.646,1477.961,1400.384,398.844,1413.703,1475.176,426.639
836,8.35,1337.743,1395.615,406.76,1345.058,1546.932,411.224,1493.17,1540.7,398.488,1484.578,1390.722,395.606,1420.286,1465.835,422.265
837,8.36,1344.486,1385.803,403.164,1351.567,1537.341,405.943,1499.624,1531.088,393.235,1491.289,1381.067,392.14,1426.825,1456.267,417.965
838,8.37,1351.023,1376.018,399.699,1358.102,1527.68,400.831,1506.068,1521.326,388.263,1498.125,1371.528,388.73,1433.461,1446.818,413.727
839,8.38,1357.867,1366.384,395.877,1364.613,1517.882,395.92,1512.653,1511.6,383.424,1505,1362.018,385.387,1440.081,1437.345,409.461
840,8.39,1364.283,1356.939,392.221,1371.22,1508.29,391.132,1519.177,1501.777,378.716,1511.797,1352.398,381.707,1446.756,1427.885,405.252
841,8.4,1371.086,1347.322,388.478,1377.835,1498.803,386.459,1525.929,1492.365,373.962,1518.561,1343.01,378.23,1453.509,1418.444,401.116
842,8.41,1377.811,1337.606,385.006,1384.478,1489.282,381.912,1532.464,1482.852,369.297,1525.395,1333.555,374.426,1460.137,1409.003,396.897
843,8.42,1384.64,1328.223,381.09,1390.945,1479.709,377.194,1539.133,1473.575,364.848,1532.262,1324.104,370.739,1466.815,1399.665,392.866
844,8.43,1391.468,1318.849,377.187,1397.659,1470.262,372.775,1545.893,1463.997,360.411,1539.038,1314.786,366.927,1473.554,1390.358,388.729
845,8.44,1398.414,1309.685,373.318,1404.389,1461.011,368.517,1552.677,1454.75,356.076,1545.794,1305.615,363.074,1480.268,1381.11,384.652
846,8.45,1405.239,1300.477,369.578,1411.238,1451.651,364.327,1559.401,1445.584,352.001,1552.652,1296.455,359.216,1487.164,1372.13,380.738
847,8.46,1412.14,1291.314,365.736,1418.038,1442.601,360.158,1566.18,1436.346,347.861,1559.508,1287.537,355.473,1494.001,1363.013,376.763
848,8.47,1419.163,1282.407,361.851,1424.805,1433.494,356.011,1573.018,1427.319,343.795,1566.586,1278.493,351.793,1500.832,1354.063,372.718
849,8.48,1426.116,1273.524,358.092,1431.8,1424.633,352.081,1580.023,1418.495,339.789,1573.458,1269.627,348.068,1507.861,1345.239,368.959
850,8.49,1433.126,1264.616,354.141,1438.593,1415.748,348.17,1586.85,1409.831,335.93,1580.449,1260.818,344.275,1514.792,1336.359,364.989
