NO_OF_FRAMES	494
NO_OF_DATA_TYPES	15
FREQUENCY	100
TIME_STAMP	2025-01-24, 16:24:13
DATA_INCLUDED	Position
DATA_TYPES	2_pos_X	2_pos_Y	2_pos_Z	3_pos_X	3_pos_Y	3_pos_Z	4_pos_X	4_pos_Y	4_pos_Z	C_pos_X	C_pos_Y	C_pos_Z	1_pos_X	1_pos_Y	1_pos_Z

Frame	Time	2_pos_X	2_pos_Y	2_pos_Z	3_pos_X	3_pos_Y	3_pos_Z	4_pos_X	4_pos_Y	4_pos_Z	C_pos_X	C_pos_Y	C_pos_Z	1_pos_X	1_pos_Y	1_pos_Z	
357	3.56000	226.415	273.676	36.137	375.387	272.302	34.087	373.196	122.677	38.156	303.304	196.303	56.546	224.926	122.640	38.061
358	3.57000	226.432	273.663	36.164	375.371	272.297	34.083	373.217	122.654	38.171	303.306	196.322	56.544	224.902	122.669	38.116
359	3.58000	226.419	273.671	36.179	375.411	272.297	34.107	373.211	122.699	38.166	303.289	196.298	56.545	224.914	122.654	38.060
360	3.59000	226.431	273.670	36.160	375.407	272.287	34.110	373.189	122.629	38.112	303.311	196.331	56.542	224.931	122.666	38.066
361	3.60000	226.424	273.664	36.140	375.397	272.293	34.097	373.230	122.700	38.162	303.290	196.324	56.569	224.942	122.668	38.074
362	3.61000	226.407	273.649	36.151	375.418	272.310	34.111	373.202	122.680	38.168	303.314	196.298	56.554	224.925	122.654	38.108
363	3.62000	226.403	273.663	36.154	375.396	272.292	34.098	373.210	122.648	38.117	303.315	196.340	56.547	224.913	122.661	38.059
364	3.63000	226.411	273.671	36.145	375.392	272.283	34.098	373.186	122.640	38.126	303.299	196.334	56.540	224.918	122.661	38.085
365	3.64000	226.422	273.673	36.154	375.407	272.286	34.110	373.237	122.690	38.168	303.316	196.323	56.564	224.907	122.665	38.107
366	3.65000	226.427	273.657	36.141	375.397	272.294	34.098	373.205	122.671	38.165	303.296	196.318	56.533	224.917	122.656	38.078
367	3.66000	226.434	273.659	36.161	375.395	272.310	34.100	373.224	122.685	38.159	303.314	196.301	56.545	224.897	122.674	38.082
368	3.67000	226.434	273.645	36.171	375.397	272.299	34.087	373.189	122.674	38.160	303.317	196.321	56.534	224.914	122.643	38.075
369	3.68000	226.401	273.647	36.139	375.398	272.311	34.095	373.192	122.670	38.158	303.315	196.321	56.525	224.925	122.653	38.063
370	3.69000	226.429	273.672	36.148	375.406	272.304	34.107	373.197	122.684	38.158	303.306	196.317	56.535	224.900	122.662	38.072
371	3.70000	226.431	273.661	36.148	375.413	272.315	34.089	373.211	122.678	38.148	303.319	196.297	56.546	224.907	122.646	38.058
372	3.71000	226.422	273.667	36.163	375.398	272.280	34.081	373.188	122.611	38.123	303.307	196.326	56.546	224.932	122.642	38.064
373	3.72000	226.411	273.661	36.138	375.383	272.291	34.084	373.213	122.658	38.180	303.306	196.302	56.546	224.903	122.640	38.067
374	3.73000	226.426	273.667	36.146	375.410	272.303	34.098	373.211	122.672	38.161	303.307	196.274	56.527	224.922	122.668	38.091
375	3.74000	226.413	273.645	36.143	375.412	272.297	34.093	373.217	122.680	38.161	303.319	196.285	56.506	224.920	122.681	38.097
376	3.75000	226.437	273.675	36.148	375.403	272.303	34.096	373.195	122.661	38.157	303.321	196.294	56.508	224.937	122.657	38.079
377	3.76000	226.433	273.696	36.158	375.417	272.298	34.085	373.225	122.661	38.172	303.289	196.275	56.541	224.919	122.656	38.073
378	3.77000	226.427	273.689	36.160	375.423	272.319	34.109	373.224	122.686	38.158	303.315	196.306	56.502	224.934	122.671	38.073
379	3.78000	226.427	273.674	36.156	375.410	272.319	34.087	373.216	122.676	38.165	303.290	196.305	56.545	224.905	122.675	38.078
380	3.79000	226.419	273.685	36.137	375.396	272.281	34.086	373.225	122.670	38.180	303.332	196.309	56.536	224.925	122.657	38.070
381	3.80000	226.419	273.682	36.166	375.396	272.292	34.098	373.223	122.680	38.177	303.306	196.308	56.530	224.928	122.687	38.104
382	3.81000	226.423	273.660	36.151	375.414	272.316	34.077	373.202	122.670	38.161	303.323	196.312	56.543	224.922	122.647	38.086
383	3.82000	226.409	273.683	36.126	375.399	272.291	34.093	373.197	122.669	38.182	303.295	196.314	56.534	224.935	122.664	38.056
384	3.83000	226.403	273.646	36.136	375.406	272.307	34.101	373.213	122.685	38.145	303.299	196.298	56.542	224.907	122.638	38.095
385	3.84000	226.436	273.683	36.149	375.418	272.297	34.099	373.209	122.670	38.153	303.316	196.324	56.529	224.923	122.650	38.094
386	3.85000	226.431	273.703	36.134	375.404	272.308	34.085	373.189	122.655	38.178	303.313	196.335	56.556	224.856	122.655	38.077
387	3.86000	226.424	273.684	36.163	375.385	272.288	34.081	373.200	122.673	38.147	303.298	196.327	56.536	224.935	122.677	38.097
388	3.87000	226.415	273.670	36.153	375.408	272.288	34.105	373.222	122.668	38.160	303.318	196.306	56.504	224.892	122.648	38.064
389	3.88000	226.415	273.678	36.146	375.410	272.291	34.086	373.201	122.676	38.145	303.316	196.273	56.528	224.921	122.657	38.058
390	3.89000	226.420	273.692	36.156	375.396	272.313	34.084	373.209	122.646	38.171	303.336	196.294	56.499	224.938	122.648	38.077
391	3.90000	226.437	273.675	36.146	375.396	272.307	34.093	373.188	122.670	38.171	303.288	196.309	56.508	224.910	122.678	38.096
392	3.91000	226.431	273.687	36.160	375.409	272.292	34.093	373.199	122.655	38.163	303.315	196.286	56.518	224.936	122.669	38.116
393	3.92000	226.406	273.647	36.119	375.387	272.317	34.072	373.185	122.665	38.156	303.306	196.312	56.527	224.933	122.660	38.111
394	3.93000	226.417	273.676	36.143	375.395	272.323	34.098	373.213	122.671	38.167	303.322	196.281	56.523	224.934	122.689	38.115
395	3.94000	226.423	273.685	36.148	375.400	272.312	34.074	373.216	122.662	38.161	303.331	196.291	56.507	224.910	122.634	38.059
396	3.95000	226.438	273.682	36.152	375.423	272.295	34.107	373.217	122.640	38.128	303.327	196.279	56.499	224.913	122.647	38.080
397	3.96000	226.420	273.664	36.138	375.397	272.309	34.095	373.218	122.657	38.139	303.305	196.308	56.502	224.920	122.646	38.093
398	3.97000	226.424	273.683	36.147	375.386	272.304	34.081	373.206	122.685	38.162	303.313	196.281	56.508	224.932	122.641	38.073
399	3.98000	226.602	273.852	36.155	375.226	272.415	34.111	373.046	122.470	38.171	303.328	196.303	56.520	225.134	122.387	38.002
400	3.99000	226.511	273.776	36.136	375.254	272.394	34.122	373.107	122.564	38.146	303.340	196.295	56.497	225.017	122.604	38.073
401	4.00000	226.571	273.804	36.140	375.298	272.409	34.119	373.156	122.604	38.163	303.339	196.282	56.512	225.111	122.443	38.003
402	4.01000	226.483	273.741	36.163	375.334	272.337	34.063	373.118	122.565	38.173	303.333	196.287	56.521	225.024	122.492	38.020
403	4.02000	226.472	273.687	36.144	375.298	272.411	34.110	373.163	122.613	38.166	303.343	196.284	56.505	225.055	122.474	38.008
404	4.03000	226.509	273.734	36.137	375.208	272.395	34.078	373.107	122.573	38.162	303.344	196.302	56.524	225.021	122.514	38.039
405	4.04000	226.501	273.764	36.156	375.343	272.293	34.136	373.145	122.582	38.216	303.324	196.313	56.530	225.011	122.511	38.032
406	4.05000	226.532	273.758	36.182	375.217	272.301	34.162	372.912	122.898	38.559	303.326	196.277	56.547	225.035	122.562	38.101
407	4.06000	226.480	273.726	36.168	375.228	272.243	34.099	372.642	123.211	39.072	303.324	196.295	56.543	224.990	122.546	38.132
408	4.07000	226.470	273.769	36.182	375.179	272.200	34.187	373.027	123.206	38.798	303.298	196.273	56.557	225.060	122.491	38.193
409	4.08000	226.448	273.675	36.222	375.092	272.330	34.061	372.915	123.191	38.866	303.342	196.289	56.578	225.274	122.514	38.460
410	4.09000	226.485	273.634	36.172	375.134	272.251	34.116	372.950	123.182	39.117	303.345	196.320	56.691	225.335	122.591	38.800
411	4.10000	226.414	273.632	36.140	374.867	272.431	33.674	372.872	123.142	39.485	303.354	196.364	56.909	225.341	122.584	39.096
412	4.11000	226.473	273.637	36.269	374.669	272.550	33.618	372.940	123.317	40.066	303.414	196.506	57.123	225.312	122.461	39.712
413	4.12000	226.387	273.667	36.193	374.763	272.526	33.546	373.062	123.590	40.704	303.483	196.745	57.457	225.324	122.473	40.524
414	4.13000	226.315	273.687	36.383	374.720	272.654	33.422	373.009	123.647	41.478	303.889	197.061	57.790	225.429	122.649	41.567
415	4.14000	226.228	273.907	36.666	374.655	272.724	33.497	372.934	123.711	42.532	303.772	197.299	58.417	225.392	122.744	43.004
416	4.15000	226.138	273.967	37.195	374.513	272.818	33.706	373.204	124.179	44.152	303.737	197.652	59.228	225.366	122.927	44.511
417	4.16000	226.259	274.217	38.375	374.683	272.931	34.590	373.056	124.250	45.233	303.833	197.946	60.598	225.313	123.074	46.313
418	4.17000	226.163	274.370	39.495	374.570	273.155	35.796	373.027	124.516	46.980	303.787	198.138	61.791	225.371	123.416	48.197
419	4.18000	226.039	274.652	41.289	374.477	273.322	36.674	372.937	124.697	48.420	303.915	198.480	63.648	225.359	123.730	50.201
420	4.19000	225.970	274.873	43.223	374.729	273.601	38.497	373.070	125.073	50.493	303.766	198.723	65.057	225.471	124.138	52.502
421	4.20000	226.027	275.182	45.615	374.628	274.014	39.783	372.961	125.426	52.082	303.593	199.161	67.349	225.443	124.516	55.099
422	4.21000	226.085	275.704	48.053	374.614	274.603	41.699	373.051	125.810	54.278	303.738	199.695	69.782	225.349	125.008	57.777
423	4.22000	226.115	276.292	50.837	374.570	275.378	43.830	373.233	126.484	56.539	303.658	200.033	72.234	225.571	125.658	60.708
424	4.23000	226.242	277.015	53.823	374.788	275.693	46.285	373.278	127.043	59.024	303.419	200.375	74.904	225.755	126.254	63.765
425	4.24000	226.335	277.603	57.299	374.756	276.363	48.672	373.372	127.747	61.412	303.449	200.884	77.753	225.846	126.869	67.231
426	4.25000	226.425	278.215	60.681	374.696	277.055	51.508	373.443	128.451	64.144	303.256	201.505	80.667	226.034	127.564	70.659
427	4.26000	226.530	279.102	64.416	374.691	277.815	54.205	373.702	129.438	66.857	303.342	202.263	83.884	226.292	128.343	74.112
428	4.27000	226.886	280.186	68.135	375.070	278.719	57.385	373.896	130.219	69.937	303.994	203.345	87.407	226.773	129.388	77.976
429	4.28000	227.021	280.976	72.056	375.304	279.834	60.577	374.459	131.326	73.279	305.421	204.682	91.384	226.983	130.361	81.821
430	4.29000	227.422	281.963	75.948	375.539	280.808	64.247	374.944	132.374	76.659	305.981	205.942	95.080	227.192	131.265	85.795
431	4.30000	227.774	283.090	80.056	376.026	281.967	67.802	375.248	133.401	80.323	306.503	206.981	98.965	227.696	132.511	89.709
432	4.31000	228.008	284.053	84.207	376.182	283.524	71.817	375.726	134.762	83.996	307.047	208.378	103.020	228.277	133.594	93.805
433	4.32000	228.567	285.443	88.517	376.549	284.656	75.785	376.171	135.998	87.587	307.506	209.390	106.910	228.788	134.657	97.605
434	4.33000	228.927	286.559	92.798	377.304	286.094	79.800	376.881	137.600	91.621	308.057	210.884	111.054	229.494	136.017	101.848
435	4.34000	229.527	287.976	96.825	377.761	287.450	84.054	377.416	138.801	95.492	308.594	212.104	115.083	230.171	137.243	106.066
436	4.35000	230.211	289.248	101.221	378.429	289.265	88.067	378.177	140.501	99.566	309.353	213.660	119.288	230.811	138.759	110.166
437	4.36000	230.687	290.496	105.307	378.943	290.649	92.048	378.993	141.952	103.755	310.112	215.066	123.440	231.655	140.111	114.261
438	4.37000	231.413	292.023	109.634	379.594	292.465	96.272	379.788	143.643	107.821	310.852	216.839	127.600	232.534	141.648	118.455
439	4.38000	232.255	293.558	113.713	380.431	293.886	100.405	380.765	145.243	112.133	311.727	218.386	131.801	233.395	143.206	122.788
440	4.39000	233.066	295.458	118.019	381.282	295.755	104.538	381.615	147.140	116.288	312.641	220.011	135.889	234.458	144.978	126.794
441	4.40000	233.946	297.043	122.095	382.119	297.618	108.878	382.718	148.858	120.605	313.650	221.895	140.196	235.481	146.606	131.214
442	4.41000	235.003	298.904	126.138	383.099	299.545	112.782	383.841	150.812	124.808	314.609	223.716	144.172	236.526	148.423	135.266
443	4.42000	235.970	300.715	130.116	384.093	301.489	117.151	384.960	152.900	129.156	315.687	225.708	148.475	237.579	150.253	139.374
444	4.43000	236.970	302.510	134.042	385.278	303.538	121.379	385.765	154.581	133.201	316.811	227.577	152.623	238.670	152.228	143.399
445	4.44000	238.113	304.555	138.066	386.421	305.355	125.560	387.276	156.745	137.588	317.825	229.578	156.621	239.850	154.162	147.326
446	4.45000	239.376	306.586	141.845	387.557	307.547	129.784	388.473	159.017	141.728	319.023	231.687	160.713	240.991	156.442	151.318
447	4.46000	240.694	308.913	145.912	388.896	309.807	134.021	389.755	161.045	146.077	320.246	233.957	164.701	242.283	158.554	155.321
448	4.47000	241.927	311.245	149.542	390.441	312.072	138.408	390.896	163.177	149.897	321.485	235.959	168.666	243.420	160.607	158.862
449	4.48000	243.262	313.361	153.373	391.642	314.288	142.423	392.413	165.645	154.199	322.667	238.295	172.657	244.950	162.949	162.726
450	4.49000	244.610	315.752	157.076	392.958	316.632	146.547	393.744	167.900	158.052	324.100	240.622	176.557	246.221	165.043	166.054
451	4.50000	246.047	318.044	160.839	394.369	319.031	150.972	395.020	170.256	161.827	325.250	242.577	180.183	247.565	167.472	169.440
452	4.51000	247.522	320.648	164.798	395.880	321.198	154.964	396.524	172.495	165.681	326.150	244.797	183.856	249.139	169.701	172.835
453	4.52000	249.013	323.071	168.426	397.368	323.694	158.865	397.943	174.920	169.276	327.493	247.130	187.480	250.450	172.250	176.350
454	4.53000	250.435	325.479	172.025	398.773	326.237	162.755	399.458	177.471	172.893	328.315	249.449	190.617	251.962	174.577	179.335
455	4.54000	251.851	327.972	175.687	400.292	328.797	166.431	400.893	179.863	176.295	330.028	251.894	194.402	253.233	177.289	182.722
456	4.55000	253.401	330.528	178.971	401.845	331.295	170.230	402.362	182.516	179.616	331.557	254.598	197.772	254.905	179.902	186.075
457	4.56000	254.993	333.245	182.678	403.556	333.950	173.852	403.807	184.959	183.049	333.622	257.172	201.530	256.248	182.601	189.255
458	4.57000	256.710	335.965	186.082	405.108	336.357	177.286	405.493	187.822	186.494	335.153	259.689	204.968	257.858	185.179	192.181
459	4.58000	258.422	338.735	189.361	406.492	339.147	180.659	406.951	190.330	189.516	337.250	262.721	208.390	259.331	187.979	195.375
460	4.59000	260.089	341.502	192.860	408.363	341.776	183.993	408.426	193.005	192.676	338.658	265.247	211.389	260.886	190.779	198.594
461	4.60000	261.812	344.335	196.034	410.152	344.526	187.245	410.107	195.598	195.705	340.310	268.056	214.611	262.636	193.553	201.682
462	4.61000	263.237	346.840	199.043	411.876	347.379	190.389	411.708	198.451	198.680	342.281	270.984	217.730	264.196	196.314	204.903
463	4.62000	265.010	349.681	202.088	413.695	350.112	193.416	413.377	201.135	201.325	343.936	273.756	220.788	265.807	199.075	207.598
464	4.63000	266.810	352.593	205.166	415.451	352.974	196.286	415.133	204.109	204.317	345.771	276.864	223.665	267.456	202.259	210.717
465	4.64000	268.661	355.626	208.395	417.210	355.784	198.701	416.796	206.875	207.008	347.543	279.598	226.334	269.154	205.028	213.696
466	4.65000	270.565	358.664	211.238	418.885	358.723	201.402	418.525	209.850	209.667	349.336	282.460	229.234	270.762	208.124	216.538
467	4.66000	272.302	361.419	213.862	420.969	361.507	204.017	420.286	212.642	212.052	351.119	285.317	231.840	272.685	210.930	219.232
468	4.67000	274.168	364.484	216.568	422.758	364.426	206.333	422.025	215.544	214.535	352.972	288.306	234.354	274.544	214.244	222.081
469	4.68000	276.023	367.601	219.039	424.718	367.539	208.739	423.768	218.426	216.977	355.029	291.416	236.969	276.307	217.145	224.778
470	4.69000	278.122	370.745	221.632	426.675	370.367	210.929	425.737	221.390	219.347	356.850	294.389	239.321	278.112	220.178	227.595
471	4.70000	280.233	373.879	224.194	428.535	373.384	212.987	427.524	224.472	221.726	358.978	297.562	241.833	280.110	223.246	230.202
472	4.71000	282.114	377.013	226.502	430.466	376.377	215.177	429.464	227.387	223.963	360.966	300.627	244.036	282.091	226.388	232.690
473	4.72000	284.267	380.173	228.791	432.554	379.516	217.176	431.508	230.534	226.168	362.866	303.737	246.218	284.052	229.566	235.181
474	4.73000	286.322	383.324	230.859	434.686	382.435	219.129	433.489	233.704	228.377	364.957	306.939	248.387	286.211	232.862	237.603
475	4.74000	288.407	386.766	232.935	436.762	385.517	220.941	435.534	236.703	230.259	366.989	310.152	250.368	288.187	236.020	239.744
476	4.75000	290.623	389.972	234.928	438.897	388.832	222.920	437.443	239.905	232.313	369.161	313.303	252.327	290.281	239.252	241.792
477	4.76000	292.735	393.309	236.935	441.208	391.962	224.712	439.600	243.089	234.227	371.358	316.587	254.440	292.432	242.555	243.794
478	4.77000	295.174	396.609	238.926	443.431	395.153	226.514	441.782	246.175	235.938	373.630	319.939	256.269	294.514	245.852	245.701
479	4.78000	297.564	400.062	240.783	445.763	398.347	228.333	443.943	249.406	237.660	376.042	323.128	258.052	296.656	249.095	247.430
480	4.79000	299.990	403.450	242.656	448.129	401.579	229.979	446.342	252.767	239.376	378.257	326.472	259.633	299.024	252.385	249.326
481	4.80000	302.422	406.708	244.399	450.714	405.006	231.670	448.700	256.087	240.989	380.685	329.658	261.372	301.308	255.788	250.996
482	4.81000	304.620	409.974	245.944	453.164	408.287	233.255	450.945	259.319	242.356	383.086	333.047	263.111	303.725	259.219	252.660
483	4.82000	307.189	413.305	247.502	455.513	411.572	234.598	453.439	262.606	243.756	385.513	336.405	264.554	306.221	262.581	254.102
484	4.83000	309.784	416.755	249.065	458.155	414.906	236.098	455.944	265.975	245.127	388.182	339.719	266.121	308.691	266.136	255.533
485	4.84000	312.524	420.395	250.695	460.778	418.356	237.471	458.378	269.256	246.471	390.678	343.184	267.376	311.142	269.602	256.905
486	4.85000	315.311	423.922	252.120	463.456	421.748	238.837	460.990	272.793	247.594	393.333	346.662	268.729	313.721	273.110	258.166
487	4.86000	317.775	427.259	253.428	466.132	425.260	240.515	463.795	276.368	248.993	395.984	350.044	270.185	316.389	276.528	259.412
488	4.87000	320.519	430.763	254.656	468.814	428.740	241.637	466.464	279.842	250.113	398.787	353.596	271.148	319.102	279.962	260.446
489	4.88000	323.381	434.270	256.055	471.736	432.350	242.899	469.155	283.288	251.152	401.401	356.989	272.379	321.855	283.457	261.527
490	4.89000	326.462	438.068	257.230	474.561	435.757	244.122	471.960	286.787	252.165	404.269	360.614	273.524	324.663	287.112	262.611
491	4.90000	329.193	441.412	258.362	477.410	439.330	245.143	474.664	290.153	253.146	407.325	364.006	274.573	327.547	290.534	263.519
492	4.91000	332.163	445.028	259.315	480.378	442.792	246.372	477.704	293.776	254.076	410.153	367.608	275.507	330.543	294.131	264.574
493	4.92000	335.120	448.452	260.445	483.368	446.253	247.380	480.851	297.452	255.146	413.262	371.157	276.576	333.494	297.697	265.359
494	4.93000	338.079	452.234	261.316	486.422	450.038	248.245	483.787	300.975	255.761	416.113	374.626	277.295	336.547	301.218	266.166
495	4.94000	341.389	455.963	262.287	489.432	453.676	249.132	486.990	304.614	256.864	419.300	378.445	278.286	339.618	304.830	267.119
496	4.95000	344.437	459.353	263.105	492.681	457.248	249.996	489.900	308.142	257.520	422.376	381.830	279.110	342.787	308.580	267.929
497	4.96000	347.610	462.976	263.927	495.947	460.865	250.888	493.330	312.062	258.309	425.739	385.558	279.855	345.929	312.096	268.652
498	4.97000	351.007	466.836	264.765	498.997	464.539	251.517	496.541	315.501	259.231	428.953	389.158	280.616	349.331	315.748	269.509
499	4.98000	354.280	470.460	265.515	502.275	468.269	252.245	499.775	319.225	259.825	432.182	392.916	281.372	352.628	319.375	270.157
500	4.99000	357.476	474.049	266.128	505.584	471.821	252.954	503.265	322.992	260.539	435.677	396.675	282.150	355.955	323.139	270.863
501	5.00000	360.745	477.655	266.753	509.036	475.746	253.557	506.724	326.892	261.069	438.936	400.239	282.588	359.453	326.791	271.497
502	5.01000	364.294	481.306	267.547	512.470	479.394	254.166	510.243	330.471	262.104	442.516	404.103	283.491	362.892	330.421	272.324
503	5.02000	367.711	485.062	268.016	515.710	483.336	254.669	513.691	334.247	262.447	445.964	407.757	283.903	366.570	334.045	272.960
504	5.03000	371.212	488.705	268.578	519.393	487.025	255.152	517.406	338.223	263.078	449.522	411.619	284.521	370.105	337.934	273.628
505	5.04000	374.704	492.361	268.978	522.892	490.807	255.731	521.140	341.979	263.641	453.122	415.352	285.011	373.882	341.618	274.226
506	5.05000	378.487	496.299	269.540	526.428	494.830	256.228	524.809	345.751	264.409	456.854	419.300	285.533	377.558	345.259	274.697
507	5.06000	382.017	499.877	270.086	530.100	498.530	256.624	528.654	349.800	264.910	460.644	423.008	286.173	381.385	348.904	275.278
508	5.07000	385.663	503.532	270.625	533.843	502.519	257.105	532.560	353.709	265.240	464.355	426.763	286.629	385.322	352.811	275.714
509	5.08000	389.357	507.427	270.953	537.518	506.608	257.482	536.406	357.677	265.621	468.124	430.761	286.951	389.281	356.603	276.468
510	5.09000	393.303	511.211	271.398	541.312	510.516	257.770	540.461	361.633	266.014	472.094	434.649	287.464	393.128	360.341	276.620
511	5.10000	397.005	514.976	271.693	545.108	514.565	258.134	544.309	365.627	266.383	475.924	438.614	287.754	397.120	364.110	277.321
512	5.11000	400.957	518.807	272.279	548.814	518.489	258.516	548.370	369.612	266.745	480.151	442.511	288.420	401.322	368.022	277.661
513	5.12000	404.770	522.638	272.549	552.908	522.530	258.992	552.440	373.444	267.138	483.981	446.408	288.553	405.412	371.813	278.219
514	5.13000	408.757	526.367	273.027	556.899	526.584	259.386	556.703	377.564	267.700	488.179	450.417	289.181	409.549	375.617	278.375
515	5.14000	412.788	530.396	273.341	561.054	530.616	259.779	560.924	381.719	267.946	492.203	454.395	289.330	413.857	379.595	278.994
516	5.15000	416.894	534.137	273.813	564.966	534.859	260.031	565.252	385.920	268.321	496.393	458.334	289.749	418.217	383.317	279.135
517	5.16000	420.864	537.887	274.104	569.128	538.902	260.344	569.765	390.017	268.511	500.648	462.385	290.004	422.490	387.219	279.531
518	5.17000	425.176	542.010	274.450	573.160	543.171	260.538	574.111	394.241	268.817	504.983	466.326	290.412	426.985	391.205	279.796
519	5.18000	429.262	545.785	274.898	577.427	547.394	260.943	578.581	398.491	269.014	509.345	470.480	290.664	431.518	395.070	280.165
520	5.19000	433.633	549.911	275.162	581.685	551.672	261.224	582.994	402.628	269.306	513.871	474.494	291.061	435.874	398.781	280.445
521	5.20000	437.813	553.798	275.689	586.083	555.850	261.527	587.599	406.792	269.483	518.164	478.643	291.277	440.564	402.924	280.935
522	5.21000	442.259	557.674	276.167	590.411	559.997	261.810	592.196	411.038	269.773	522.702	482.769	291.697	445.078	406.911	281.168
523	5.22000	446.635	561.773	276.563	594.738	564.425	262.145	596.855	415.318	269.903	527.204	486.917	291.833	449.880	411.098	281.525
524	5.23000	451.107	565.712	277.032	599.079	568.611	262.381	601.625	419.602	270.276	531.825	491.034	292.275	454.624	415.023	282.006
525	5.24000	455.616	569.914	277.402	603.676	572.919	262.667	606.355	423.975	270.381	536.443	495.283	292.545	459.415	419.161	282.308
526	5.25000	460.160	573.807	277.965	608.191	577.304	263.112	611.118	428.277	270.876	541.258	499.392	293.012	464.125	423.190	282.700
527	5.26000	464.909	578.253	278.524	613.002	581.476	263.479	616.037	432.567	270.948	546.073	503.682	293.276	468.966	427.227	283.104
528	5.27000	469.475	582.202	278.918	617.617	585.949	263.740	621.125	437.151	271.343	550.917	507.748	293.669	474.067	431.468	283.445
529	5.28000	474.452	586.464	279.558	622.191	590.234	264.155	625.917	441.262	271.381	555.677	512.082	294.009	478.923	435.869	283.690
530	5.29000	479.142	590.480	279.941	627.208	594.546	264.628	630.995	445.911	271.844	560.713	516.242	294.540	483.927	439.979	284.291
531	5.30000	484.203	594.810	280.444	632.051	599.029	265.050	635.981	450.037	271.875	565.701	520.609	294.839	489.033	444.081	284.441
532	5.31000	489.070	598.914	280.927	636.863	603.407	265.384	641.072	454.422	272.381	570.774	524.846	295.208	494.154	448.426	284.811
533	5.32000	494.147	603.299	281.418	642.026	607.788	265.904	646.154	458.871	272.523	575.740	529.152	295.577	499.349	452.443	285.054
534	5.33000	499.150	607.465	281.810	647.138	612.118	266.393	651.351	463.244	272.900	581.003	533.624	295.933	504.531	456.847	285.388
535	5.34000	504.386	611.743	282.443	652.126	616.401	266.763	656.656	467.713	273.014	586.129	537.726	296.189	509.919	460.930	285.525
536	5.35000	509.733	616.411	282.732	657.625	620.765	267.210	661.921	472.149	273.339	591.435	542.153	296.675	515.036	465.439	285.974
537	5.36000	515.002	620.507	283.149	662.896	625.136	267.736	667.332	476.517	273.661	596.840	546.652	296.923	520.372	469.715	286.158
538	5.37000	520.380	624.984	283.573	668.136	629.709	267.962	672.797	480.958	273.972	602.094	550.893	297.214	525.872	474.177	286.452
539	5.38000	525.808	629.335	283.935	673.647	634.056	268.196	678.134	485.222	274.311	607.659	555.414	297.728	531.186	478.549	286.828
540	5.39000	531.259	633.634	284.214	679.111	638.431	268.545	683.634	489.612	274.766	613.133	559.593	297.908	536.760	483.195	287.199
541	5.40000	536.907	638.166	284.473	684.678	642.854	268.785	689.204	494.109	275.118	618.752	564.066	298.415	542.203	487.538	287.651
542	5.41000	542.472	642.587	284.686	690.448	647.263	269.125	694.645	498.317	275.482	624.312	568.655	298.483	547.785	492.091	287.622
543	5.42000	548.149	646.938	284.764	696.191	651.786	269.428	700.395	502.936	275.756	629.935	573.011	298.757	553.464	496.394	287.988
544	5.43000	553.991	651.476	284.952	701.863	656.068	269.517	706.057	507.268	276.031	635.614	577.522	298.977	559.284	500.829	288.246
545	5.44000	559.742	655.946	285.087	707.738	660.544	269.894	711.799	511.631	276.321	641.395	581.983	299.313	564.853	505.343	288.411
546	5.45000	565.645	660.448	285.127	713.753	665.039	270.133	717.577	516.055	276.515	647.122	586.315	299.455	570.653	509.777	288.576
547	5.46000	571.641	665.071	285.289	719.584	669.304	270.090	723.299	520.304	276.745	653.068	590.884	299.511	576.480	514.347	288.643
548	5.47000	577.690	669.777	285.467	725.690	673.670	270.275	729.189	524.889	276.981	658.982	595.362	299.621	582.289	518.938	288.786
549	5.48000	583.664	674.160	285.412	731.859	678.167	270.344	735.056	529.344	276.978	664.916	599.659	299.617	588.268	523.427	288.966
550	5.49000	589.703	678.750	285.500	737.730	682.689	270.320	740.982	533.743	277.083	670.981	604.143	299.657	594.087	528.026	288.782
551	5.50000	596.055	683.560	285.553	744.125	686.830	270.478	746.953	538.093	277.077	677.056	608.731	299.794	600.128	532.552	289.019
552	5.51000	602.272	688.227	285.469	750.430	691.243	270.380	752.832	542.394	277.081	683.102	613.211	299.805	606.075	537.210	288.888
553	5.52000	608.620	692.842	285.456	756.431	695.413	270.405	758.922	546.730	277.075	689.205	617.687	299.701	612.006	541.844	288.850
554	5.53000	614.835	697.426	285.324	762.799	699.888	270.449	765.048	551.070	277.207	695.531	622.286	299.704	618.000	546.493	288.732
555	5.54000	621.223	702.097	285.341	769.279	704.126	270.367	771.092	555.398	277.023	701.699	626.779	299.737	624.166	551.058	288.582
556	5.55000	627.610	706.780	285.202	775.664	708.567	270.516	777.240	559.845	276.832	707.894	631.287	299.631	630.269	555.856	288.399
557	5.56000	634.181	711.481	285.088	782.269	713.079	270.402	783.278	563.953	276.730	714.424	635.759	299.574	636.431	560.570	288.210
558	5.57000	640.732	716.132	284.937	788.621	717.499	270.317	789.464	568.465	276.575	720.688	640.285	299.405	642.627	565.240	288.131
559	5.58000	647.194	720.682	284.777	795.384	721.787	270.436	795.814	572.902	276.549	727.089	644.866	299.309	648.802	570.021	287.938
560	5.59000	653.799	725.495	284.459	801.947	726.136	270.324	802.155	577.189	276.654	733.451	649.364	299.184	654.971	574.854	287.665
561	5.60000	660.442	730.274	284.306	808.723	730.486	270.231	808.411	581.556	276.479	739.849	653.917	299.049	661.285	579.683	287.497
562	5.61000	667.284	735.121	284.187	815.410	734.907	270.174	814.773	585.988	276.445	746.394	658.368	298.783	667.693	584.330	287.372
563	5.62000	673.944	739.929	283.900	822.173	739.450	269.881	821.148	590.515	276.347	752.976	662.993	298.704	674.186	588.973	287.359
564	5.63000	680.771	744.734	283.700	829.035	743.686	269.852	827.631	594.894	276.160	759.670	667.678	298.665	680.488	593.846	287.069
565	5.64000	687.665	749.475	283.559	835.866	748.243	269.670	834.104	599.298	276.045	766.272	672.354	298.389	687.052	598.646	286.959
566	5.65000	694.484	754.191	283.342	842.643	752.703	269.628	840.588	603.772	275.781	773.000	676.998	298.317	693.474	603.397	286.662
567	5.66000	701.400	758.997	283.062	849.598	757.262	269.506	847.155	608.208	275.701	779.655	681.669	298.138	700.149	608.247	286.513
568	5.67000	708.290	763.805	282.856	856.407	761.744	269.260	853.812	612.766	275.510	786.408	686.212	297.973	706.718	613.159	286.092
569	5.68000	715.179	768.529	282.556	863.424	766.150	269.261	860.320	617.110	275.471	793.197	690.837	297.777	713.330	617.942	285.942
570	5.69000	722.211	773.331	282.326	870.412	770.491	268.896	867.078	621.657	275.334	800.006	695.445	297.545	719.884	622.700	285.744
571	5.70000	729.170	778.194	282.110	877.469	775.000	268.742	873.693	626.304	275.216	806.875	700.127	297.335	726.670	627.639	285.521
572	5.71000	736.296	783.074	281.973	884.632	779.566	268.647	880.477	630.728	274.857	813.757	704.767	297.141	733.217	632.472	285.037
573	5.72000	743.406	787.979	281.788	891.541	784.044	268.358	887.268	635.267	274.786	820.828	709.430	297.034	740.173	637.392	284.954
574	5.73000	750.585	792.827	281.590	898.774	788.563	268.458	894.049	639.706	274.345	827.587	714.005	296.624	746.947	642.173	284.698
575	5.74000	757.634	797.675	281.358	905.912	793.205	268.115	900.656	644.145	274.062	834.625	718.762	296.476	753.723	647.016	284.371
576	5.75000	764.795	802.517	281.032	913.261	797.726	268.049	907.617	648.779	273.888	841.605	723.410	296.308	760.617	651.767	284.153
577	5.76000	772.016	807.346	280.740	920.390	802.353	267.923	914.571	653.353	273.802	848.580	728.089	295.973	767.504	656.724	283.872
578	5.77000	779.246	812.196	280.489	927.406	806.892	267.633	921.515	657.996	273.640	855.674	732.842	295.801	774.624	661.566	283.587
579	5.78000	786.557	816.978	280.346	934.683	811.209	267.399	928.572	662.499	273.464	862.711	737.543	295.614	781.424	666.338	283.141
580	5.79000	793.731	821.855	279.807	941.811	815.923	267.244	935.567	667.175	273.378	869.754	742.192	295.296	788.415	671.052	282.699
581	5.80000	801.111	826.676	279.627	949.392	820.445	267.230	942.621	671.794	273.083	876.984	746.884	295.048	795.562	675.894	282.445
582	5.81000	808.392	831.490	279.238	956.286	825.147	266.833	949.619	676.286	272.737	884.170	751.560	294.801	802.551	680.886	282.075
583	5.82000	815.688	836.247	278.778	963.860	829.650	266.626	956.719	680.968	272.596	891.437	756.258	294.471	809.739	685.498	282.018
584	5.83000	823.061	841.052	278.587	971.282	834.399	266.302	963.940	685.592	272.260	898.658	761.035	294.205	816.730	690.079	281.670
585	5.84000	830.404	845.970	278.189	978.525	839.032	265.957	970.978	690.107	272.020	905.840	765.697	293.936	823.989	695.106	281.459
586	5.85000	837.803	850.729	277.944	985.951	843.543	265.770	978.316	694.769	271.707	913.182	770.493	293.732	831.277	699.902	281.354
587	5.86000	845.291	855.541	277.665	993.339	848.141	265.157	985.489	699.656	271.738	920.504	775.257	293.463	838.338	704.753	281.141
588	5.87000	852.589	860.344	277.185	1000.711	852.930	264.813	992.795	704.222	271.232	927.820	780.098	293.129	845.661	709.771	280.843
589	5.88000	860.044	865.100	276.832	1008.338	857.539	264.672	999.907	708.831	271.031	935.239	784.842	292.925	852.946	714.606	280.720
590	5.89000	867.543	870.048	276.628	1015.630	862.248	264.143	1007.280	713.502	270.752	942.654	789.673	292.698	860.063	719.400	280.261
591	5.90000	875.027	875.016	276.249	1023.124	866.857	263.931	1014.600	718.314	270.689	949.938	794.281	292.135	867.587	724.265	280.110
592	5.91000	882.536	879.756	275.981	1030.809	871.718	263.685	1022.147	722.878	270.324	957.490	799.113	291.881	874.996	729.099	279.828
593	5.92000	890.085	884.590	275.523	1038.142	876.516	263.285	1029.560	727.843	270.274	964.943	803.830	291.546	882.470	734.095	279.511
594	5.93000	897.610	889.378	275.209	1045.782	880.995	262.910	1036.968	732.375	269.721	972.346	808.656	291.171	889.921	738.916	279.289
595	5.94000	905.300	894.330	274.894	1053.218	885.772	262.619	1044.333	737.220	269.524	979.956	813.421	290.953	897.513	743.608	278.961
596	5.95000	912.837	899.222	274.601	1060.705	890.643	262.014	1051.805	741.715	268.901	987.544	818.308	290.651	904.921	748.428	278.638
597	5.96000	920.471	904.032	274.309	1068.412	895.432	262.008	1059.419	746.764	268.861	995.051	823.199	290.341	912.543	753.124	278.286
598	5.97000	928.002	908.794	273.836	1076.110	900.216	261.510	1067.046	751.440	268.320	1002.686	828.052	290.045	920.032	757.945	277.842
599	5.98000	935.594	913.597	273.404	1083.704	904.969	261.435	1074.482	756.372	268.331	1010.239	832.995	289.682	927.638	762.963	277.458
600	5.99000	943.325	918.541	272.871	1091.389	909.901	261.305	1082.320	761.196	268.214	1017.792	837.830	289.372	935.330	767.825	277.003
601	6.00000	950.735	923.512	271.754	1099.094	914.990	261.490	1089.785	766.186	268.565	1025.294	842.656	289.200	942.752	772.874	276.370
602	6.01000	958.372	928.386	270.820	1106.559	919.721	261.652	1097.391	771.112	268.960	1032.528	847.577	288.613	950.207	777.766	275.006
603	6.02000	965.937	933.394	269.521	1114.432	924.467	262.366	1104.951	776.113	269.663	1039.758	853.005	287.979	957.713	782.636	273.911
604	6.03000	973.363	938.232	268.036	1122.042	929.658	263.346	1112.362	780.839	270.399	1047.169	857.749	288.045	965.204	787.503	272.576
605	6.04000	980.913	943.090	266.359	1129.387	934.504	264.279	1119.854	785.783	271.255	1054.547	862.892	287.830	972.728	792.362	270.909
606	6.05000	988.244	947.964	264.596	1136.829	939.366	265.250	1127.192	790.811	272.688	1061.604	867.861	287.573	979.974	797.282	269.260
607	6.06000	995.660	952.939	262.736	1144.197	944.466	266.509	1134.392	795.527	273.551	1068.137	872.284	287.394	987.207	802.278	267.104
608	6.07000	1002.851	957.898	260.639	1151.283	949.319	267.862	1141.465	800.876	274.826	1074.863	877.181	287.096	994.573	807.258	265.256
609	6.08000	1010.197	962.987	258.872	1158.495	954.342	269.263	1148.395	805.667	275.835	1081.527	882.029	286.603	1001.754	812.077	263.249
610	6.09000	1017.406	967.978	257.117	1165.360	959.367	270.385	1155.344	810.824	277.073	1088.073	887.117	286.139	1008.875	817.202	261.159
611	6.10000	1024.528	972.978	255.368	1172.091	964.446	271.544	1161.951	815.613	277.885	1094.475	892.003	285.805	1015.777	822.290	259.149
612	6.11000	1031.291	977.906	253.560	1178.662	969.236	272.599	1168.335	820.879	278.704	1100.962	897.231	285.627	1022.522	827.077	257.146
613	6.12000	1037.954	982.627	251.633	1185.116	974.306	273.484	1174.703	825.584	279.445	1107.126	902.305	285.183	1029.478	832.270	255.275
614	6.13000	1044.523	987.565	250.171	1191.378	979.511	274.491	1180.760	830.790	280.026	1113.210	907.430	284.745	1035.991	837.201	253.517
615	6.14000	1050.950	992.806	248.771	1197.192	984.412	275.194	1186.847	835.727	280.262	1119.202	912.433	284.354	1042.336	842.601	251.559
616	6.15000	1057.111	997.838	247.444	1203.119	989.322	275.781	1192.479	840.782	280.511	1124.789	917.387	283.700	1048.393	847.461	249.959
617	6.16000	1063.086	1002.869	246.277	1208.534	994.517	276.113	1197.915	845.634	280.511	1130.255	922.240	282.962	1054.327	852.423	248.531
618	6.17000	1068.622	1007.866	244.953	1213.574	999.355	276.258	1203.313	850.818	280.592	1135.334	927.171	282.235	1059.920	857.311	246.750
619	6.18000	1074.037	1012.864	243.829	1218.798	1004.430	276.457	1208.602	855.944	280.453	1140.443	932.280	281.576	1065.560	862.598	245.435
620	6.19000	1079.105	1017.830	242.682	1223.772	1009.610	276.440	1213.556	861.112	280.060	1145.364	937.300	280.826	1070.539	867.790	243.957
621	6.20000	1083.852	1022.886	241.708	1228.510	1014.648	276.424	1218.180	865.835	279.497	1150.071	942.261	280.137	1075.656	872.541	242.741
622	6.21000	1088.523	1027.923	240.800	1232.745	1019.622	276.057	1222.722	871.090	279.172	1154.493	947.370	279.387	1080.265	877.712	241.567
623	6.22000	1092.778	1032.900	239.820	1236.983	1024.852	275.632	1226.986	876.123	278.481	1158.640	952.420	278.582	1084.701	882.714	240.382
624	6.23000	1096.627	1037.824	238.686	1240.952	1029.947	275.329	1230.916	881.279	277.829	1162.637	957.471	277.831	1088.885	887.517	239.293
625	6.24000	1100.442	1042.887	237.824	1244.439	1035.118	274.442	1234.743	886.378	277.173	1166.110	962.396	276.825	1092.609	892.608	238.194
626	6.25000	1103.832	1047.847	236.812	1247.882	1040.249	273.719	1238.312	891.563	276.483	1169.678	967.502	276.034	1096.281	897.456	237.352
627	6.26000	1106.888	1052.727	235.833	1250.970	1045.513	272.773	1241.587	896.687	275.540	1172.766	972.476	275.033	1099.611	902.519	236.321
628	6.27000	1109.863	1057.954	235.023	1253.942	1050.483	271.982	1244.570	901.834	274.637	1175.644	977.950	273.984	1102.719	907.227	235.384
629	6.28000	1112.335	1062.780	233.787	1256.382	1055.663	270.847	1247.356	906.910	273.706	1178.382	983.111	273.025	1105.377	912.199	234.504
630	6.29000	1114.637	1067.663	232.734	1258.673	1060.977	269.780	1249.846	912.088	272.767	1180.788	988.379	271.999	1107.829	917.029	233.717
631	6.30000	1116.669	1072.533	231.781	1260.749	1066.296	268.641	1252.106	917.390	271.786	1182.890	993.310	270.994	1110.230	921.902	232.762
632	6.31000	1118.309	1077.446	230.558	1262.641	1071.496	267.434	1254.169	922.680	270.881	1184.711	998.312	269.962	1112.085	926.866	231.826
633	6.32000	1119.776	1082.495	229.569	1264.065	1076.476	266.252	1255.826	927.770	269.676	1186.390	1003.243	268.910	1113.712	931.895	230.857
634	6.33000	1121.010	1087.451	228.412	1265.326	1081.746	264.991	1257.287	932.960	268.700	1187.820	1008.158	267.926	1115.173	936.722	230.125
635	6.34000	1122.002	1092.407	227.273	1266.142	1087.031	263.640	1258.533	938.188	267.713	1188.898	1013.233	266.791	1116.355	941.715	229.307
636	6.35000	1122.652	1097.390	226.247	1266.962	1092.136	262.299	1259.564	943.582	266.760	1189.758	1018.319	265.817	1117.344	946.452	228.346
637	6.36000	1122.946	1102.104	225.173	1267.297	1097.320	260.994	1260.113	948.637	265.555	1190.397	1023.446	264.717	1117.810	951.421	227.607
638	6.37000	1123.120	1107.047	224.095	1267.308	1102.402	259.602	1260.670	953.907	264.474	1190.778	1028.566	263.679	1118.201	956.395	226.769
639	6.38000	1123.094	1112.183	223.048	1267.346	1107.650	258.456	1260.866	959.105	263.510	1190.801	1033.755	262.641	1118.439	961.427	225.878
640	6.39000	1122.523	1116.962	221.849	1267.035	1113.017	257.221	1260.848	964.344	262.480	1190.738	1038.947	261.685	1118.321	966.058	224.840
641	6.40000	1121.859	1121.890	220.835	1266.345	1118.037	255.726	1260.505	969.457	261.230	1190.250	1043.864	260.536	1117.921	971.100	223.879
642	6.41000	1120.991	1126.864	219.886	1265.461	1123.357	254.667	1259.851	974.779	260.132	1189.513	1048.945	259.400	1117.548	976.015	223.244
643	6.42000	1119.868	1131.769	219.031	1264.645	1128.582	253.626	1259.091	979.922	258.933	1188.516	1053.834	258.417	1116.287	981.014	222.034
644	6.43000	1118.240	1136.645	217.821	1263.147	1133.790	252.346	1257.988	985.348	258.047	1187.412	1058.954	257.494	1115.299	985.836	221.006
645	6.44000	1116.700	1141.709	217.047	1261.583	1139.144	251.311	1256.783	990.320	256.707	1185.903	1063.965	256.299	1113.924	990.806	220.189
646	6.45000	1114.769	1146.555	216.146	1259.619	1144.396	250.222	1255.014	995.671	255.682	1184.176	1069.062	255.221	1112.161	995.614	219.327
647	6.46000	1112.594	1151.562	215.095	1257.234	1149.311	249.018	1253.280	1000.735	254.506	1182.224	1074.015	254.473	1110.216	1000.435	218.180
648	6.47000	1110.210	1156.379	214.301	1255.025	1154.389	248.185	1251.099	1005.917	253.585	1179.695	1078.957	253.279	1108.292	1005.342	217.290
649	6.48000	1107.555	1161.471	213.497	1252.542	1159.853	247.082	1248.789	1010.916	252.106	1177.383	1084.075	252.394	1105.837	1010.568	216.230
650	6.49000	1104.756	1166.411	213.150	1249.771	1164.913	245.768	1246.374	1016.197	250.747	1174.807	1089.050	251.395	1103.454	1015.419	215.641
651	6.50000	1101.553	1171.293	212.801	1246.926	1170.016	244.452	1243.906	1021.119	248.804	1172.155	1094.042	250.448	1100.501	1020.344	214.985
652	6.51000	1098.205	1176.175	212.800	1244.044	1175.206	242.727	1241.060	1026.237	247.052	1169.380	1099.014	249.336	1097.389	1025.284	214.430
653	6.52000	1094.796	1181.274	213.010	1240.814	1180.167	240.814	1238.270	1031.029	244.412	1166.654	1103.952	248.381	1094.362	1030.025	214.422
654	6.53000	1090.874	1185.889	213.307	1237.601	1185.305	238.698	1235.160	1036.267	242.135	1163.741	1108.768	247.179	1090.681	1035.226	214.292
655	6.54000	1087.127	1190.893	213.906	1234.360	1190.338	236.428	1232.161	1041.135	239.520	1160.628	1113.742	246.210	1086.799	1039.852	214.476
656	6.55000	1083.273	1195.902	214.288	1230.923	1195.379	234.029	1228.685	1046.365	237.256	1157.455	1118.676	245.301	1083.223	1044.787	214.871
657	6.56000	1079.190	1200.688	214.668	1227.151	1200.328	231.309	1225.368	1051.335	234.644	1153.857	1123.567	244.165	1078.872	1049.724	215.407
658	6.57000	1075.219	1205.615	215.185	1223.540	1205.351	228.814	1221.528	1056.179	232.365	1150.524	1128.556	243.105	1074.757	1054.625	215.862
659	6.58000	1071.242	1210.563	215.701	1219.520	1209.904	226.285	1217.826	1061.273	230.169	1146.820	1133.652	242.361	1070.893	1059.693	216.707
660	6.59000	1067.000	1215.485	215.772	1215.435	1214.956	223.721	1213.756	1066.048	228.246	1143.099	1138.589	241.186	1066.860	1064.575	217.487
661	6.60000	1062.796	1220.434	216.087	1211.248	1219.744	221.064	1209.834	1070.984	226.371	1139.378	1143.549	240.396	1062.755	1069.451	218.264
662	6.61000	1058.562	1225.280	216.064	1207.202	1224.818	218.991	1205.678	1075.961	224.669	1135.571	1148.501	239.794	1058.653	1074.403	219.179
663	6.62000	1054.430	1230.192	216.293	1203.176	1229.516	216.801	1201.450	1080.684	223.022	1131.615	1153.485	238.769	1054.298	1079.349	219.779
664	6.63000	1050.151	1235.081	216.282	1198.900	1234.187	214.697	1197.418	1085.723	221.737	1127.614	1158.441	238.170	1050.093	1084.061	220.549
665	6.64000	1046.044	1239.847	216.413	1194.805	1239.110	213.102	1193.122	1090.367	220.501	1123.718	1163.254	237.524	1045.934	1088.991	221.280
666	6.65000	1041.863	1244.842	216.441	1190.519	1244.009	211.272	1188.990	1095.126	219.373	1119.848	1168.311	237.106	1041.723	1094.081	221.667
667	6.66000	1037.721	1249.775	216.476	1186.235	1248.454	209.841	1184.764	1100.076	218.448	1115.662	1172.997	236.243	1037.574	1098.932	222.123
668	6.67000	1033.751	1254.710	216.612	1182.280	1253.440	208.650	1180.498	1104.642	217.287	1111.641	1177.882	235.928	1033.656	1103.755	222.770
669	6.68000	1029.685	1259.608	216.631	1178.020	1257.953	207.516	1176.367	1109.462	216.585	1107.565	1182.653	235.245	1029.177	1108.768	222.901
670	6.69000	1025.843	1264.513	216.599	1174.170	1262.946	206.735	1172.396	1114.299	216.051	1104.016	1187.633	235.335	1024.759	1113.293	223.280
671	6.70000	1021.925	1269.478	216.660	1170.289	1267.744	206.050	1167.590	1118.522	215.111	1099.939	1192.496	234.792	1020.828	1118.305	223.498
672	6.71000	1018.197	1274.429	216.658	1166.464	1272.371	205.616	1163.775	1123.443	214.680	1096.299	1197.468	234.741	1016.759	1123.065	223.663
673	6.72000	1014.372	1279.402	216.655	1162.587	1277.208	205.036	1159.944	1128.271	214.502	1092.232	1202.088	234.258	1012.990	1128.240	223.556
674	6.73000	1010.764	1284.312	216.656	1159.111	1281.791	204.976	1156.066	1132.940	214.060	1088.589	1207.096	234.103	1009.151	1133.138	223.547
675	6.74000	1007.222	1289.503	216.565	1155.444	1286.797	204.671	1152.269	1137.731	213.883	1084.939	1211.841	234.038	1005.426	1138.156	223.351
676	6.75000	1003.685	1294.180	216.527	1152.078	1291.476	204.841	1148.614	1142.505	213.690	1081.447	1216.809	233.945	1001.633	1142.957	223.341
677	6.76000	1000.210	1299.313	216.403	1148.460	1296.237	204.628	1145.109	1147.411	213.644	1077.919	1221.621	233.866	997.981	1147.959	223.096
678	6.77000	996.960	1304.236	216.502	1145.031	1300.970	204.584	1141.279	1152.027	213.065	1074.475	1226.429	233.857	994.699	1153.003	222.801
679	6.78000	993.563	1309.141	216.389	1141.839	1305.881	204.829	1137.844	1156.981	213.247	1071.034	1231.204	233.754	991.121	1157.932	222.615
680	6.79000	990.284	1313.952	216.336	1138.674	1310.727	204.679	1134.393	1161.479	212.859	1067.564	1236.091	233.528	987.812	1163.024	222.402
681	6.80000	987.166	1319.044	216.457	1135.554	1315.441	204.772	1131.058	1166.419	212.935	1064.342	1240.840	233.406	984.172	1167.839	222.501
682	6.81000	984.112	1323.923	216.554	1132.489	1320.320	204.833	1127.893	1171.011	212.745	1061.347	1245.902	233.576	980.930	1172.827	222.184
683	6.82000	981.278	1329.123	216.583	1129.322	1325.024	204.653	1124.864	1176.030	212.839	1058.385	1250.852	233.563	977.849	1177.752	222.346
684	6.83000	978.278	1334.007	216.583	1126.651	1329.847	204.925	1121.808	1180.768	212.617	1055.336	1255.654	233.542	975.078	1182.855	222.101
685	6.84000	975.501	1338.896	216.780	1123.833	1334.665	204.985	1119.004	1185.858	212.811	1052.448	1260.617	233.486	971.940	1187.724	222.106
686	6.85000	972.761	1343.915	216.879	1121.006	1339.491	204.958	1116.119	1190.669	212.520	1049.719	1265.376	233.635	969.188	1192.597	222.098
687	6.86000	970.013	1348.824	216.835	1118.006	1344.233	204.895	1112.975	1195.298	212.367	1046.944	1270.189	233.664	966.375	1197.762	222.250
688	6.87000	967.435	1353.681	217.138	1115.509	1348.962	204.988	1110.374	1200.180	212.446	1044.364	1275.057	233.677	963.325	1202.297	222.116
689	6.88000	964.990	1358.682	217.208	1113.136	1353.901	205.208	1107.582	1204.918	212.418	1041.705	1279.928	233.712	960.755	1207.360	222.240
690	6.89000	962.503	1363.678	217.267	1110.792	1358.648	205.393	1105.144	1209.807	212.507	1039.083	1284.701	233.843	958.273	1212.160	222.515
691	6.90000	960.059	1368.529	217.587	1108.352	1363.571	205.442	1102.591	1214.565	212.837	1036.562	1289.378	233.895	955.683	1217.142	222.446
692	6.91000	957.884	1373.463	217.821	1106.041	1368.325	205.535	1100.366	1219.453	212.884	1034.239	1294.349	234.199	953.404	1222.098	222.873
693	6.92000	955.559	1378.299	218.042	1104.036	1373.195	206.095	1098.018	1224.272	213.284	1031.904	1299.068	234.489	951.141	1227.033	223.313
694	6.93000	953.442	1383.105	218.773	1101.809	1377.883	206.386	1095.757	1228.971	213.669	1029.787	1304.004	234.970	948.682	1231.915	223.566
695	6.94000	951.516	1388.100	219.259	1099.891	1382.763	206.970	1093.748	1233.912	214.198	1027.759	1308.889	235.576	946.694	1236.880	224.274
696	6.95000	949.477	1392.919	219.798	1097.737	1387.319	207.554	1091.650	1238.608	214.687	1025.550	1313.560	236.093	944.641	1241.736	224.974
697	6.96000	947.717	1397.849	220.897	1095.963	1392.058	208.330	1089.534	1243.369	215.613	1023.861	1318.506	236.974	942.459	1246.619	225.753
698	6.97000	945.917	1402.751	221.817	1094.182	1396.941	209.297	1087.818	1248.205	216.326	1022.026	1323.341	237.947	940.292	1251.287	227.009
699	6.98000	944.295	1407.724	223.008	1092.230	1401.603	210.246	1085.743	1252.766	217.346	1020.197	1327.935	238.970	938.525	1256.401	227.705
700	6.99000	942.546	1412.462	224.269	1090.642	1406.361	211.308	1084.009	1257.389	218.491	1018.611	1332.828	240.133	936.717	1261.264	228.996
701	7.00000	941.111	1417.385	225.655	1089.070	1411.141	212.608	1082.104	1262.073	219.667	1017.167	1337.807	241.532	935.412	1266.217	230.414
702	7.01000	939.827	1422.303	227.210	1087.780	1415.883	214.195	1080.659	1266.898	221.101	1015.786	1342.627	243.071	933.691	1270.985	231.885
703	7.02000	938.390	1427.084	228.805	1086.324	1420.617	215.681	1079.065	1271.523	222.739	1014.370	1347.417	244.649	932.348	1275.759	233.707
704	7.03000	937.209	1431.792	230.815	1085.177	1425.323	217.525	1077.737	1276.256	224.406	1012.822	1352.063	246.424	931.105	1280.712	235.643
705	7.04000	936.051	1436.697	232.700	1083.815	1430.025	219.219	1076.589	1281.069	226.422	1011.728	1356.947	248.439	930.078	1285.499	237.766
706	7.05000	934.940	1441.541	234.878	1082.848	1434.906	221.422	1075.498	1285.884	228.530	1010.830	1361.742	250.554	928.561	1290.074	239.891
707	7.06000	934.020	1446.372	237.276	1082.116	1439.624	223.744	1074.232	1290.315	230.762	1009.663	1366.339	252.828	927.469	1294.787	242.264
708	7.07000	933.049	1451.066	239.567	1080.985	1444.278	226.088	1073.246	1295.035	233.077	1008.635	1371.074	255.144	926.621	1299.645	244.750
709	7.08000	932.313	1455.904	242.138	1080.423	1448.935	228.720	1072.417	1299.763	235.812	1008.028	1375.865	257.938	925.849	1304.437	247.478
710	7.09000	931.662	1460.647	244.945	1079.713	1453.705	231.554	1071.857	1304.639	238.631	1007.346	1380.690	260.683	925.149	1309.287	250.305
711	7.10000	931.119	1465.398	247.871	1079.129	1458.497	234.412	1071.314	1309.386	241.657	1006.694	1385.383	263.663	924.630	1314.083	253.377
712	7.11000	930.663	1470.142	251.004	1078.734	1463.133	237.437	1070.777	1314.004	244.953	1006.185	1390.189	266.728	924.004	1318.583	256.599
713	7.12000	930.309	1474.916	254.309	1078.282	1467.909	240.575	1070.611	1318.944	248.204	1005.881	1395.017	270.100	923.748	1323.517	259.877
714	7.13000	929.873	1479.722	257.656	1077.765	1472.629	243.902	1070.239	1323.504	251.661	1005.503	1399.525	273.521	923.332	1328.217	263.267
715	7.14000	929.576	1484.274	261.204	1077.497	1477.234	247.371	1069.941	1328.103	255.318	1005.337	1404.404	277.072	923.177	1332.854	266.977
716	7.15000	929.589	1489.066	265.015	1077.356	1481.872	250.924	1069.893	1333.066	259.092	1005.219	1409.089	280.900	923.125	1337.677	270.887
717	7.16000	929.450	1493.663	268.834	1077.457	1486.618	254.971	1069.808	1337.746	262.956	1005.294	1413.833	284.861	923.154	1342.355	274.838
718	7.17000	929.515	1498.343	272.777	1077.346	1491.303	258.812	1070.096	1342.456	267.167	1005.335	1418.479	288.923	923.258	1347.088	279.098
719	7.18000	929.821	1503.164	276.980	1077.564	1495.926	263.124	1069.387	1346.573	271.172	1005.492	1423.180	293.127	923.325	1351.701	283.269
720	7.19000	930.030	1507.849	281.298	1077.997	1500.568	267.562	1069.890	1351.455	275.744	1005.739	1427.824	297.502	923.567	1356.398	287.834
721	7.20000	930.351	1512.514	285.754	1078.332	1505.329	272.061	1070.330	1356.162	280.402	1006.012	1432.510	301.989	923.553	1361.024	292.427
722	7.21000	930.719	1517.181	290.218	1078.664	1509.872	276.718	1070.914	1361.007	285.192	1006.120	1437.135	306.607	923.975	1365.757	297.092
723	7.22000	931.356	1521.890	295.068	1079.200	1514.600	281.454	1071.061	1365.368	289.950	1006.760	1441.907	311.489	924.612	1370.487	301.687
724	7.23000	931.811	1526.493	299.689	1079.752	1519.234	286.362	1071.643	1369.952	295.075	1007.350	1446.547	316.358	925.170	1375.252	306.580
725	7.24000	932.528	1531.318	304.805	1080.582	1523.903	291.477	1072.572	1374.854	300.304	1008.076	1451.330	321.426	925.867	1379.847	311.800
726	7.25000	933.248	1535.866	309.797	1081.413	1528.545	296.787	1073.358	1379.570	305.513	1008.824	1456.149	326.595	926.578	1384.603	316.785
727	7.26000	934.207	1540.630	315.069	1082.192	1533.184	301.875	1074.220	1384.295	310.801	1009.708	1460.802	331.856	927.184	1389.156	322.240
728	7.27000	935.055	1545.197	320.433	1082.835	1537.796	306.958	1075.105	1388.947	316.230	1010.495	1465.466	337.246	928.097	1393.853	327.580
729	7.28000	936.059	1549.941	325.748	1084.056	1542.546	312.676	1075.952	1393.437	321.820	1011.467	1470.068	342.714	929.335	1398.635	333.081
730	7.29000	937.112	1554.644	331.257	1084.999	1547.187	318.063	1077.273	1398.332	327.493	1012.511	1474.773	348.241	930.225	1403.230	338.564
731	7.30000	938.308	1559.379	336.804	1086.291	1551.904	323.946	1077.982	1402.812	332.986	1013.758	1479.596	353.998	931.366	1407.863	344.276
732	7.31000	939.496	1564.089	342.487	1087.445	1556.466	329.532	1079.296	1407.502	338.900	1014.862	1484.165	359.769	932.675	1412.742	349.857
733	7.32000	940.722	1568.680	348.153	1088.652	1561.222	335.416	1080.426	1412.124	344.581	1016.153	1488.962	365.533	934.042	1417.531	355.716
734	7.33000	942.146	1573.587	354.126	1090.051	1565.945	341.294	1081.995	1417.063	350.660	1017.442	1493.651	371.294	935.354	1422.186	361.538
735	7.34000	943.542	1578.275	359.928	1091.525	1570.569	347.377	1083.515	1421.780	356.769	1018.896	1498.284	377.410	936.890	1426.956	367.514
736	7.35000	945.032	1583.012	365.927	1092.995	1575.326	353.325	1084.955	1426.573	362.911	1020.547	1503.130	383.415	938.182	1431.594	373.236
737	7.36000	946.614	1587.667	371.899	1094.648	1580.183	359.505	1086.509	1431.281	368.944	1021.827	1507.908	389.323	939.979	1436.580	379.407
738	7.37000	948.232	1592.519	378.011	1096.286	1584.810	365.688	1088.191	1436.082	375.201	1023.496	1512.607	395.620	941.594	1441.359	385.300
739	7.38000	950.032	1597.327	384.268	1097.887	1589.521	371.827	1089.614	1440.537	381.336	1025.111	1517.283	401.678	943.273	1446.056	391.477
740	7.39000	951.639	1601.870	390.288	1099.689	1594.271	378.123	1090.912	1444.891	387.406	1026.775	1521.942	407.944	945.032	1450.865	397.590
741	7.40000	953.426	1606.735	396.630	1101.391	1599.112	384.565	1093.092	1450.061	393.811	1028.591	1526.703	414.186	946.583	1455.530	403.913
742	7.41000	955.399	1611.591	402.962	1103.377	1603.839	390.934	1094.622	1454.449	400.053	1030.370	1531.480	420.495	948.534	1460.276	410.117
743	7.42000	957.303	1616.323	409.342	1105.126	1608.593	397.291	1096.996	1459.701	406.704	1032.212	1536.097	426.908	950.426	1464.945	416.392
744	7.43000	959.295	1621.185	415.792	1107.212	1613.295	403.847	1099.022	1464.374	413.146	1034.239	1540.896	433.267	952.336	1469.955	422.802
745	7.44000	961.253	1625.873	422.279	1109.221	1618.235	410.463	1101.058	1469.304	419.686	1036.024	1545.467	439.666	954.173	1474.644	429.341
746	7.45000	963.419	1630.656	428.700	1111.734	1623.617	417.343	1102.692	1473.718	425.946	1038.243	1550.507	446.267	956.312	1479.468	435.702
747	7.46000	965.484	1635.504	435.271	1113.807	1628.326	423.992	1104.996	1478.722	432.517	1040.375	1555.165	452.836	958.511	1484.200	442.163
748	7.47000	967.650	1640.273	441.882	1116.010	1633.163	430.588	1107.358	1483.546	439.170	1042.622	1559.954	459.381	960.688	1488.882	448.742
749	7.48000	969.920	1645.059	448.418	1118.249	1637.979	437.368	1109.804	1488.484	445.890	1044.955	1564.733	466.161	962.921	1493.728	455.236
750	7.49000	972.125	1649.722	455.052	1120.639	1642.854	443.940	1112.100	1493.207	452.518	1046.964	1569.605	472.657	965.238	1498.469	461.866
751	7.50000	974.550	1654.649	461.841	1123.046	1647.665	450.733	1114.631	1498.286	459.270	1049.417	1574.561	479.398	967.684	1503.331	468.593
752	7.51000	976.939	1659.404	468.537	1125.307	1652.492	457.493	1117.090	1503.097	466.018	1051.967	1579.458	486.173	969.847	1508.058	475.236
753	7.52000	979.426	1664.333	475.325	1127.949	1657.340	464.328	1119.491	1508.004	472.797	1054.464	1584.173	492.931	972.276	1512.961	481.902
754	7.53000	981.950	1669.236	482.075	1130.252	1662.200	471.038	1122.186	1512.934	479.669	1056.921	1589.030	499.763	974.712	1517.677	488.763
755	7.54000	984.397	1673.854	488.870	1132.627	1666.901	477.749	1124.786	1517.731	486.482	1059.482	1593.897	506.601	977.375	1522.496	495.649
756	7.55000	987.014	1678.715	495.714	1135.326	1671.844	484.686	1127.079	1522.318	493.198	1062.076	1598.658	513.364	980.049	1527.282	502.436
757	7.56000	989.573	1683.589	502.583	1137.931	1676.732	491.656	1129.729	1527.139	500.030	1064.852	1603.528	520.366	982.804	1532.103	509.458
758	7.57000	992.297	1688.451	509.457	1140.816	1681.710	498.501	1132.568	1532.077	506.918	1067.583	1608.514	527.257	985.526	1537.116	516.108
759	7.58000	994.907	1693.049	516.597	1143.621	1686.204	505.493	1135.401	1536.986	513.695	1070.599	1613.711	534.359	988.262	1541.990	523.004
760	7.59000	997.830	1698.052	523.571	1146.356	1691.197	512.554	1137.364	1541.272	519.894	1073.429	1618.439	541.095	991.200	1546.727	529.596
761	7.60000	1000.657	1702.640	530.645	1149.014	1696.059	519.521	1140.257	1546.062	526.176	1076.289	1623.013	547.863	993.549	1551.332	536.113
762	7.61000	1003.430	1707.372	538.033	1152.099	1700.752	526.354	1143.427	1551.148	532.237	1079.093	1627.604	554.147	996.539	1556.188	542.164
763	7.62000	1006.488	1712.133	545.111	1154.910	1705.437	533.185	1146.278	1555.853	537.776	1082.050	1632.113	560.401	999.443	1560.812	547.640
764	7.63000	1009.436	1716.764	552.095	1157.788	1710.358	539.824	1149.415	1560.721	542.869	1085.102	1636.636	566.498	1002.189	1565.258	553.173
765	7.64000	1012.530	1721.379	558.999	1160.895	1715.056	546.301	1151.806	1565.003	547.385	1088.169	1641.013	572.171	1005.432	1569.937	558.070
766	7.65000	1015.545	1725.860	565.730	1163.998	1719.600	552.693	1154.876	1569.748	551.607	1091.214	1645.485	577.537	1008.364	1574.476	562.557
767	7.66000	1018.705	1730.339	571.972	1167.019	1724.032	558.830	1157.702	1574.192	555.266	1094.204	1649.523	582.491	1011.425	1578.897	566.832
768	7.67000	1021.868	1734.660	578.144	1170.132	1728.595	564.458	1161.436	1579.420	559.082	1097.380	1653.652	587.250	1014.523	1583.493	570.565
769	7.68000	1024.966	1738.815	583.970	1173.356	1732.971	569.963	1164.644	1584.030	562.195	1100.304	1657.661	591.645	1017.471	1587.780	573.954
770	7.69000	1028.197	1743.019	589.448	1176.444	1737.186	574.997	1167.768	1588.412	564.756	1103.600	1661.761	595.714	1020.435	1592.031	576.929
771	7.70000	1031.559	1746.992	594.564	1179.699	1741.383	579.726	1171.033	1592.880	567.165	1106.864	1665.506	599.373	1023.654	1596.366	579.570
772	7.71000	1034.777	1750.860	599.264	1182.952	1745.366	584.104	1174.166	1597.199	569.095	1110.206	1669.211	602.726	1027.060	1600.691	581.821
773	7.72000	1038.247	1754.677	603.855	1186.499	1749.399	588.475	1177.430	1601.401	570.651	1113.532	1673.005	605.658	1030.300	1604.834	583.761
774	7.73000	1041.795	1758.437	607.935	1189.740	1753.110	592.111	1180.386	1605.292	571.953	1116.793	1676.520	608.228	1033.555	1608.821	585.267
775	7.74000	1045.185	1762.015	611.536	1193.289	1756.773	595.466	1183.624	1609.183	572.963	1119.972	1680.043	610.343	1037.754	1613.774	586.045
776	7.75000	1048.609	1765.238	614.705	1196.832	1760.205	598.686	1186.887	1613.058	573.540	1123.557	1683.250	612.226	1040.389	1617.529	587.049
777	7.76000	1052.138	1768.534	617.289	1200.332	1763.479	601.262	1190.297	1616.798	574.381	1126.803	1686.508	613.847	1043.825	1621.097	587.759
778	7.77000	1055.706	1771.583	619.787	1203.944	1766.673	603.526	1193.084	1619.877	574.298	1130.292	1689.445	615.098	1047.116	1624.926	588.170
779	7.78000	1059.162	1774.410	621.650	1207.444	1769.596	605.460	1196.730	1623.363	574.493	1133.922	1692.390	616.020	1050.491	1628.001	587.919
780	7.79000	1062.918	1777.322	623.280	1210.804	1772.318	606.735	1200.496	1626.864	574.420	1137.412	1695.185	616.638	1053.975	1631.232	587.942
781	7.80000	1066.490	1779.892	624.415	1214.383	1774.954	607.818	1203.632	1629.519	573.817	1140.916	1697.801	616.951	1057.561	1634.136	587.578
782	7.81000	1070.335	1782.328	625.333	1218.305	1777.512	608.708	1207.007	1632.237	573.142	1144.617	1700.212	616.855	1060.858	1637.068	587.210
783	7.82000	1073.733	1784.365	625.439	1221.846	1779.737	608.915	1210.734	1634.776	572.216	1148.154	1702.516	616.567	1064.613	1639.578	586.435
784	7.83000	1077.711	1786.473	625.795	1225.720	1781.753	608.947	1214.255	1636.996	571.154	1151.895	1704.587	616.111	1068.447	1642.146	585.368
785	7.84000	1081.539	1788.408	625.601	1229.415	1783.658	608.542	1218.383	1639.452	570.106	1155.643	1706.548	615.211	1072.063	1643.935	584.085
786	7.85000	1085.413	1790.096	625.029	1233.388	1785.358	607.976	1222.195	1641.503	568.691	1159.482	1708.048	614.141	1075.836	1646.056	582.594
787	7.86000	1089.355	1791.442	624.155	1237.220	1786.687	606.986	1226.108	1643.066	566.874	1163.423	1709.501	612.903	1079.719	1647.440	581.220
788	7.87000	1093.158	1792.565	623.045	1241.198	1788.015	605.666	1229.738	1644.361	564.912	1167.260	1710.616	611.464	1083.472	1648.990	579.441
789	7.88000	1097.138	1793.551	621.555	1245.104	1788.922	604.252	1233.351	1645.231	562.762	1171.035	1711.630	609.635	1087.550	1650.043	577.611
790	7.89000	1101.256	1794.236	620.125	1249.188	1789.768	602.398	1237.487	1646.178	560.565	1175.082	1712.338	607.633	1091.598	1650.903	575.450
791	7.90000	1105.270	1794.587	618.059	1253.168	1790.164	600.277	1241.632	1646.906	558.130	1179.224	1712.830	605.515	1095.413	1651.482	573.219
792	7.91000	1109.507	1794.987	616.106	1257.331	1790.532	598.103	1245.295	1647.023	555.670	1183.334	1712.996	603.206	1099.375	1651.687	571.200
793	7.92000	1113.535	1794.728	613.683	1261.301	1790.425	595.517	1249.529	1647.093	552.808	1187.567	1713.035	600.657	1103.472	1651.576	568.353
794	7.93000	1117.853	1794.520	611.265	1265.686	1790.205	592.960	1253.430	1646.598	549.802	1191.662	1712.709	597.848	1107.785	1651.669	565.520
795	7.94000	1122.212	1793.951	608.610	1269.976	1789.586	590.169	1257.852	1646.304	546.783	1195.959	1712.100	595.066	1111.901	1651.032	562.736
796	7.95000	1126.549	1793.074	605.857	1274.216	1788.602	587.162	1262.321	1645.607	543.924	1200.192	1711.261	591.869	1116.265	1650.118	559.873
797	7.96000	1130.930	1791.982	602.789	1278.460	1787.500	583.781	1266.753	1644.732	540.719	1204.631	1710.199	588.974	1120.606	1649.205	556.589
798	7.97000	1135.323	1790.658	599.541	1283.068	1786.123	580.537	1270.975	1643.104	537.300	1209.121	1708.711	585.640	1125.020	1647.934	553.178
799	7.98000	1139.746	1788.947	596.228	1287.685	1784.517	577.371	1274.985	1641.169	533.632	1213.505	1707.049	582.196	1129.507	1646.267	549.763
800	7.99000	1144.346	1786.951	592.703	1292.098	1782.558	573.678	1279.801	1639.336	530.190	1218.131	1705.219	578.649	1133.814	1644.127	546.538
801	8.00000	1148.924	1784.690	588.906	1296.685	1780.203	570.004	1284.582	1637.412	526.681	1222.658	1702.915	575.013	1138.342	1641.796	542.851
802	8.01000	1153.570	1782.326	585.230	1301.306	1777.779	566.201	1289.328	1634.872	522.974	1227.448	1700.420	571.272	1143.213	1639.317	539.380
803	8.02000	1158.394	1779.551	581.547	1306.037	1774.974	562.460	1294.067	1632.129	519.076	1232.312	1697.480	567.564	1147.687	1636.423	535.517
804	8.03000	1162.994	1776.349	577.478	1310.911	1771.897	558.580	1298.632	1628.793	515.139	1237.016	1694.589	563.497	1152.482	1633.111	531.456
805	8.04000	1167.860	1773.062	573.415	1315.731	1768.398	554.606	1303.210	1625.291	511.173	1242.013	1691.038	559.491	1156.930	1629.860	527.684
806	8.05000	1172.742	1769.297	569.387	1320.692	1764.825	550.638	1307.742	1621.214	506.856	1246.765	1687.474	555.504	1162.241	1626.803	523.080
807	8.06000	1177.737	1765.366	565.239	1325.586	1760.890	546.388	1313.211	1617.800	503.175	1251.799	1683.536	551.370	1167.227	1622.779	519.204
808	8.07000	1182.957	1761.383	561.285	1330.609	1756.553	542.282	1318.124	1613.324	498.732	1256.596	1679.216	547.072	1172.318	1618.384	514.726
809	8.08000	1187.857	1756.596	556.625	1335.769	1751.996	538.086	1323.343	1608.850	494.692	1261.767	1674.759	542.803	1177.400	1613.786	510.734
810	8.09000	1193.095	1751.892	552.486	1340.695	1747.179	533.664	1328.474	1604.043	490.358	1266.841	1669.802	538.489	1182.606	1608.912	506.560
811	8.10000	1198.279	1746.678	548.232	1346.002	1742.042	529.310	1333.900	1598.937	486.087	1272.096	1664.740	534.206	1187.878	1603.761	502.177
812	8.11000	1203.504	1741.251	543.792	1351.144	1736.813	524.868	1339.205	1593.797	481.763	1277.396	1659.323	529.829	1193.129	1598.235	497.890
813	8.12000	1208.678	1735.375	539.168	1356.508	1731.079	520.215	1344.415	1587.915	477.286	1282.724	1653.708	525.353	1198.417	1592.507	493.525
814	8.13000	1214.139	1729.463	535.011	1361.712	1725.053	515.631	1349.768	1581.995	472.610	1288.108	1647.753	520.959	1203.826	1586.567	488.866
815	8.14000	1219.528	1723.186	530.562	1367.238	1718.839	511.140	1355.064	1575.570	468.109	1293.535	1641.487	516.488	1209.119	1580.020	484.641
816	8.15000	1224.941	1716.559	525.859	1372.734	1712.468	506.719	1360.543	1568.931	463.483	1299.062	1635.012	511.919	1214.646	1573.441	480.062
817	8.16000	1230.514	1709.644	521.310	1378.094	1705.616	501.846	1366.596	1562.641	459.200	1304.321	1627.931	507.284	1220.119	1566.273	475.781
818	8.17000	1235.974	1702.432	516.613	1383.782	1698.558	497.217	1371.848	1555.133	454.373	1310.029	1620.941	502.689	1225.805	1559.036	471.123
819	8.18000	1241.845	1695.129	511.942	1389.476	1691.286	492.462	1377.855	1547.824	450.046	1315.862	1613.700	498.215	1231.458	1551.334	467.141
820	8.19000	1247.477	1687.580	506.901	1395.213	1683.819	487.479	1383.648	1540.172	445.641	1321.678	1606.123	493.504	1237.468	1543.610	462.486
821	8.20000	1253.220	1679.904	501.605	1401.049	1676.031	482.566	1389.463	1532.142	441.522	1327.413	1598.491	489.059	1243.053	1535.684	458.268
822	8.21000	1259.066	1672.278	496.249	1406.803	1668.143	477.180	1395.044	1523.232	437.786	1333.335	1590.466	484.413	1248.949	1527.313	454.209
823	8.22000	1265.039	1664.273	490.424	1412.587	1660.079	471.669	1401.577	1515.076	434.684	1339.144	1582.467	479.879	1254.955	1518.623	450.228
824	8.23000	1270.763	1656.120	484.309	1418.502	1651.686	466.054	1407.481	1505.922	431.193	1345.105	1574.206	475.460	1261.208	1509.991	446.547
825	8.24000	1276.799	1647.944	478.209	1424.538	1643.268	460.484	1413.801	1496.797	428.203	1351.199	1565.884	470.953	1267.480	1501.056	443.207
826	8.25000	1282.682	1639.419	471.621	1430.491	1634.551	454.603	1420.168	1487.738	425.415	1357.121	1557.418	466.415	1273.667	1491.655	439.973
827	8.26000	1288.516	1630.800	465.231	1436.586	1625.706	448.652	1426.424	1478.339	422.438	1363.300	1548.755	462.004	1279.915	1482.404	436.475
828	8.27000	1294.567	1621.956	458.736	1442.615	1616.742	443.149	1432.972	1468.882	419.970	1369.452	1540.010	457.531	1286.171	1473.133	433.070
829	8.28000	1300.690	1612.934	452.203	1448.705	1607.679	437.256	1439.362	1459.186	416.938	1375.701	1531.119	453.084	1292.718	1463.437	430.040
830	8.29000	1307.085	1604.037	446.211	1454.985	1598.230	431.272	1445.745	1449.505	414.143	1381.716	1521.823	448.444	1299.122	1453.906	426.702
831	8.30000	1313.170	1594.552	439.807	1461.405	1588.929	425.596	1452.320	1439.735	411.417	1388.150	1512.704	444.091	1305.610	1444.311	423.547
832	8.31000	1319.457	1585.288	433.747	1467.433	1579.356	419.874	1458.844	1430.177	408.389	1394.486	1503.409	439.651	1312.315	1434.503	420.255
833	8.32000	1325.799	1575.769	427.781	1474.003	1569.747	414.411	1465.364	1420.314	405.193	1400.798	1494.049	435.307	1318.298	1424.818	416.813
834	8.33000	1332.207	1566.253	422.198	1480.173	1559.998	408.865	1471.605	1410.361	402.219	1407.302	1484.736	431.051	1325.007	1415.078	413.486
835	8.34000	1338.552	1556.589	416.519	1486.635	1550.313	403.646	1477.961	1400.384	398.844	1413.703	1475.176	426.639	1331.155	1405.239	410.093
836	8.35000	1345.058	1546.932	411.224	1493.170	1540.700	398.488	1484.578	1390.722	395.606	1420.286	1465.835	422.265	1337.743	1395.615	406.760
837	8.36000	1351.567	1537.341	405.943	1499.624	1531.088	393.235	1491.289	1381.067	392.140	1426.825	1456.267	417.965	1344.486	1385.803	403.164
838	8.37000	1358.102	1527.680	400.831	1506.068	1521.326	388.263	1498.125	1371.528	388.730	1433.461	1446.818	413.727	1351.023	1376.018	399.699
839	8.38000	1364.613	1517.882	395.920	1512.653	1511.600	383.424	1505.000	1362.018	385.387	1440.081	1437.345	409.461	1357.867	1366.384	395.877
840	8.39000	1371.220	1508.290	391.132	1519.177	1501.777	378.716	1511.797	1352.398	381.707	1446.756	1427.885	405.252	1364.283	1356.939	392.221
841	8.40000	1377.835	1498.803	386.459	1525.929	1492.365	373.962	1518.561	1343.010	378.230	1453.509	1418.444	401.116	1371.086	1347.322	388.478
842	8.41000	1384.478	1489.282	381.912	1532.464	1482.852	369.297	1525.395	1333.555	374.426	1460.137	1409.003	396.897	1377.811	1337.606	385.006
843	8.42000	1390.945	1479.709	377.194	1539.133	1473.575	364.848	1532.262	1324.104	370.739	1466.815	1399.665	392.866	1384.640	1328.223	381.090
844	8.43000	1397.659	1470.262	372.775	1545.893	1463.997	360.411	1539.038	1314.786	366.927	1473.554	1390.358	388.729	1391.468	1318.849	377.187
845	8.44000	1404.389	1461.011	368.517	1552.677	1454.750	356.076	1545.794	1305.615	363.074	1480.268	1381.110	384.652	1398.414	1309.685	373.318
846	8.45000	1411.238	1451.651	364.327	1559.401	1445.584	352.001	1552.652	1296.455	359.216	1487.164	1372.130	380.738	1405.239	1300.477	369.578
847	8.46000	1418.038	1442.601	360.158	1566.180	1436.346	347.861	1559.508	1287.537	355.473	1494.001	1363.013	376.763	1412.140	1291.314	365.736
848	8.47000	1424.805	1433.494	356.011	1573.018	1427.319	343.795	1566.586	1278.493	351.793	1500.832	1354.063	372.718	1419.163	1282.407	361.851
849	8.48000	1431.800	1424.633	352.081	1580.023	1418.495	339.789	1573.458	1269.627	348.068	1507.861	1345.239	368.959	1426.116	1273.524	358.092
850	8.49000	1438.593	1415.748	348.170	1586.850	1409.831	335.930	1580.449	1260.818	344.275	1514.792	1336.359	364.989	1433.126	1264.616	354.141
